scripts/benchmark/evaluate_rag_questions.py	scripts/benchmark/ingestion/evaluate_rag_questions.py
scripts/benchmark/evaluate_trace_net_confidence_stage2.py	scripts/benchmark/ingestion/evaluate_trace_net_confidence_stage2.py
scripts/benchmark/smoke_test_incremental_change_detection.py	scripts/benchmark/ingestion/smoke_test_incremental_change_detection.py
scripts/benchmark/smoke_test_incremental_changed_page.py	scripts/benchmark/ingestion/smoke_test_incremental_changed_page.py
scripts/benchmark/retrieval/build_trace_net_table_route_retrieval_readiness_report_v1.py	scripts/benchmark/s2_ocr/build_trace_net_table_route_retrieval_readiness_report_v1.py
scripts/benchmark/check_trace_net_table_route_retrieval_readiness_report_v1_quality.py	scripts/benchmark/s2_ocr/check_trace_net_table_route_retrieval_readiness_report_v1_quality.py
scripts/benchmark/graph/build_trace_net_community_aware_retrieval_v2.py	scripts/benchmark/s3_graph_store/build_trace_net_community_aware_retrieval_v2.py
scripts/benchmark/graph/build_trace_net_nha_phase5_synthetic_benchmark_v1.py	scripts/benchmark/s3_graph_store/build_trace_net_nha_phase5_synthetic_benchmark_v1.py
scripts/benchmark/check_trace_net_community_aware_retrieval_sim_v1_quality.py	scripts/benchmark/s3_graph_store/check_trace_net_community_aware_retrieval_sim_v1_quality.py
scripts/benchmark/check_trace_net_community_aware_retrieval_v2_quality.py	scripts/benchmark/s3_graph_store/check_trace_net_community_aware_retrieval_v2_quality.py
scripts/benchmark/graph/check_trace_net_nha_phase20_gemma100_v1.py	scripts/benchmark/s3_graph_store/check_trace_net_nha_phase20_gemma100_v1.py
scripts/benchmark/check_trace_net_nha_phase5_synthetic_benchmark_v1.py	scripts/benchmark/s3_graph_store/check_trace_net_nha_phase5_synthetic_benchmark_v1.py
scripts/benchmark/check_trace_net_nha_phase6_query_benchmark_v1.py	scripts/benchmark/s3_graph_store/check_trace_net_nha_phase6_query_benchmark_v1.py
scripts/benchmark/check_trace_net_synthetic_incident_postgres_smoke_v1_quality.py	scripts/benchmark/s3_graph_store/check_trace_net_synthetic_incident_postgres_smoke_v1_quality.py
scripts/benchmark/evaluate_trace_net_communities.py	scripts/benchmark/s3_graph_store/evaluate_trace_net_communities.py
scripts/benchmark/run_trace_net_community_aware_retrieval_sim_v1.py	scripts/benchmark/s3_graph_store/run_trace_net_community_aware_retrieval_sim_v1.py
scripts/benchmark/graph/run_trace_net_nha_phase10_live20_v1.py	scripts/benchmark/s3_graph_store/run_trace_net_nha_phase10_live20_v1.py
scripts/benchmark/run_trace_net_nha_phase11_shadow_http_smoke_v1.py	scripts/benchmark/s3_graph_store/run_trace_net_nha_phase11_shadow_http_smoke_v1.py
scripts/benchmark/graph/run_trace_net_nha_phase16_gemma20_v1.py	scripts/benchmark/s3_graph_store/run_trace_net_nha_phase16_gemma20_v1.py
scripts/benchmark/graph/run_trace_net_nha_phase20_gemma100_v1.py	scripts/benchmark/s3_graph_store/run_trace_net_nha_phase20_gemma100_v1.py
scripts/benchmark/run_trace_net_nha_phase6_query_benchmark_v1.py	scripts/benchmark/s3_graph_store/run_trace_net_nha_phase6_query_benchmark_v1.py
scripts/benchmark/ingestion/run_trace_net_tiff_grounded20_v1.py	scripts/benchmark/s3_graph_store/run_trace_net_tiff_grounded20_v1.py
scripts/benchmark/serving/serve_trace_net_nha_phase20_gemma100_v1.py	scripts/benchmark/s3_graph_store/serve_trace_net_nha_phase20_gemma100_v1.py
scripts/benchmark/smoke_trace_net_synthetic_incident_postgres_v1.py	scripts/benchmark/s3_graph_store/smoke_trace_net_synthetic_incident_postgres_v1.py
scripts/benchmark/engram/build_trace_net_engineering_engram_answer_runner_overlay_llm_smoke_v1.py	scripts/benchmark/s5_engram/build_trace_net_engineering_engram_answer_runner_overlay_llm_smoke_v1.py
scripts/benchmark/engram/build_trace_net_engineering_engram_answer_runner_prompt_overlay_smoke_v1.py	scripts/benchmark/s5_engram/build_trace_net_engineering_engram_answer_runner_prompt_overlay_smoke_v1.py
scripts/benchmark/retrieval/build_trace_net_engineering_engram_answer_runner_retrieval_bridge_v1.py	scripts/benchmark/s5_engram/build_trace_net_engineering_engram_answer_runner_retrieval_bridge_v1.py
scripts/benchmark/engram/build_trace_net_engineering_engram_answer_smoke_overlay_integration_gate_v1.py	scripts/benchmark/s5_engram/build_trace_net_engineering_engram_answer_smoke_overlay_integration_gate_v1.py
scripts/benchmark/retrieval/build_trace_net_engineering_engram_prompt_retrieval_injector_v1.py	scripts/benchmark/s5_engram/build_trace_net_engineering_engram_prompt_retrieval_injector_v1.py
scripts/benchmark/build_trace_net_engineering_engram_prompt_retrieval_llm_smoke_v1.py	scripts/benchmark/s5_engram/build_trace_net_engineering_engram_prompt_retrieval_llm_smoke_v1.py
scripts/benchmark/build_trace_net_engineering_engram_prompt_retrieval_smoke_v1.py	scripts/benchmark/s5_engram/build_trace_net_engineering_engram_prompt_retrieval_smoke_v1.py
scripts/benchmark/check_trace_net_engineering_engram_answer_runner_overlay_llm_smoke_complete_v1.py	scripts/benchmark/s5_engram/check_trace_net_engineering_engram_answer_runner_overlay_llm_smoke_complete_v1.py
scripts/benchmark/check_trace_net_engineering_engram_answer_runner_overlay_llm_smoke_v1.py	scripts/benchmark/s5_engram/check_trace_net_engineering_engram_answer_runner_overlay_llm_smoke_v1.py
scripts/benchmark/check_trace_net_engineering_engram_answer_runner_prompt_overlay_smoke_v1.py	scripts/benchmark/s5_engram/check_trace_net_engineering_engram_answer_runner_prompt_overlay_smoke_v1.py
scripts/benchmark/check_trace_net_engineering_engram_answer_runner_retrieval_bridge_v1.py	scripts/benchmark/s5_engram/check_trace_net_engineering_engram_answer_runner_retrieval_bridge_v1.py
scripts/benchmark/check_trace_net_engineering_engram_answer_smoke_overlay_integration_gate_v1.py	scripts/benchmark/s5_engram/check_trace_net_engineering_engram_answer_smoke_overlay_integration_gate_v1.py
scripts/benchmark/engram/check_trace_net_engineering_engram_prompt_retrieval_injector_v1.py	scripts/benchmark/s5_engram/check_trace_net_engineering_engram_prompt_retrieval_injector_v1.py
scripts/benchmark/check_trace_net_engineering_engram_prompt_retrieval_llm_smoke_v1.py	scripts/benchmark/s5_engram/check_trace_net_engineering_engram_prompt_retrieval_llm_smoke_v1.py
scripts/benchmark/check_trace_net_engineering_engram_prompt_retrieval_smoke_v1.py	scripts/benchmark/s5_engram/check_trace_net_engineering_engram_prompt_retrieval_smoke_v1.py
scripts/benchmark/run_trace_net_nha_engram_100_question_benchmark_v1.py	scripts/benchmark/s5_engram/run_trace_net_nha_engram_100_question_benchmark_v1.py
scripts/benchmark/retrieval/build_trace_net_context_retrieval_helpers_v1.py	scripts/benchmark/s6_retrieval/build_trace_net_context_retrieval_helpers_v1.py
scripts/benchmark/build_trace_net_corrective_retrieval_planner_v1.py	scripts/benchmark/s6_retrieval/build_trace_net_corrective_retrieval_planner_v1.py
scripts/benchmark/build_trace_net_e2e_hybrid_retrieval_runtime_v1.py	scripts/benchmark/s6_retrieval/build_trace_net_e2e_hybrid_retrieval_runtime_v1.py
scripts/benchmark/build_trace_net_hybrid_retrieval_v2.py	scripts/benchmark/s6_retrieval/build_trace_net_hybrid_retrieval_v2.py
scripts/benchmark/retrieval/build_trace_net_hybrid_retrieval_v3.py	scripts/benchmark/s6_retrieval/build_trace_net_hybrid_retrieval_v3.py
scripts/benchmark/retrieval/build_trace_net_opensearch_loader_smoke_v1.py	scripts/benchmark/s6_retrieval/build_trace_net_opensearch_loader_smoke_v1.py
scripts/benchmark/build_trace_net_page_retrieval_large_eval_v1.py	scripts/benchmark/s6_retrieval/build_trace_net_page_retrieval_large_eval_v1.py
scripts/benchmark/build_trace_net_page_retrieval_large_eval_v2.py	scripts/benchmark/s6_retrieval/build_trace_net_page_retrieval_large_eval_v2.py
scripts/benchmark/retrieval/build_trace_net_page_retrieval_profiles_v1.py	scripts/benchmark/s6_retrieval/build_trace_net_page_retrieval_profiles_v1.py
scripts/benchmark/build_trace_net_part_number_exact_retrieval_probe_v1.py	scripts/benchmark/s6_retrieval/build_trace_net_part_number_exact_retrieval_probe_v1.py
scripts/benchmark/build_trace_net_retrieval_payload_audit_v1.py	scripts/benchmark/s6_retrieval/build_trace_net_retrieval_payload_audit_v1.py
scripts/benchmark/build_trace_net_table_exact_search_smoke_v1.py	scripts/benchmark/s6_retrieval/build_trace_net_table_exact_search_smoke_v1.py
scripts/benchmark/build_trace_net_table_hybrid_retrieval_bridge_v1.py	scripts/benchmark/s6_retrieval/build_trace_net_table_hybrid_retrieval_bridge_v1.py
scripts/benchmark/build_trace_net_table_hybrid_retrieval_integration_audit_v1.py	scripts/benchmark/s6_retrieval/build_trace_net_table_hybrid_retrieval_integration_audit_v1.py
scripts/benchmark/build_trace_net_table_route_retrieval_demo_query_pack_v1.py	scripts/benchmark/s6_retrieval/build_trace_net_table_route_retrieval_demo_query_pack_v1.py
scripts/benchmark/context/build_trace_net_v2_summary_smoke_tester_v1.py	scripts/benchmark/s6_retrieval/build_trace_net_v2_summary_smoke_tester_v1.py
scripts/benchmark/check_trace_net_context_retrieval_helpers_v1_quality.py	scripts/benchmark/s6_retrieval/check_trace_net_context_retrieval_helpers_v1_quality.py
scripts/benchmark/check_trace_net_corrective_retrieval_planner_v1_quality.py	scripts/benchmark/s6_retrieval/check_trace_net_corrective_retrieval_planner_v1_quality.py
scripts/benchmark/check_trace_net_e2e_hybrid_retrieval_runtime_v1_quality.py	scripts/benchmark/s6_retrieval/check_trace_net_e2e_hybrid_retrieval_runtime_v1_quality.py
scripts/benchmark/check_trace_net_hybrid_retrieval_sim_v1_quality.py	scripts/benchmark/s6_retrieval/check_trace_net_hybrid_retrieval_sim_v1_quality.py
scripts/benchmark/check_trace_net_hybrid_retrieval_v2_quality.py	scripts/benchmark/s6_retrieval/check_trace_net_hybrid_retrieval_v2_quality.py
scripts/benchmark/check_trace_net_hybrid_retrieval_v3_quality.py	scripts/benchmark/s6_retrieval/check_trace_net_hybrid_retrieval_v3_quality.py
scripts/benchmark/check_trace_net_opensearch_loader_smoke_v1_quality.py	scripts/benchmark/s6_retrieval/check_trace_net_opensearch_loader_smoke_v1_quality.py
scripts/benchmark/check_trace_net_page_retrieval_large_eval_v1_quality.py	scripts/benchmark/s6_retrieval/check_trace_net_page_retrieval_large_eval_v1_quality.py
scripts/benchmark/check_trace_net_page_retrieval_large_eval_v2_quality.py	scripts/benchmark/s6_retrieval/check_trace_net_page_retrieval_large_eval_v2_quality.py
scripts/benchmark/check_trace_net_page_retrieval_profiles_qdrant_v1_quality.py	scripts/benchmark/s6_retrieval/check_trace_net_page_retrieval_profiles_qdrant_v1_quality.py
scripts/benchmark/check_trace_net_page_retrieval_profiles_v1_quality.py	scripts/benchmark/s6_retrieval/check_trace_net_page_retrieval_profiles_v1_quality.py
scripts/benchmark/check_trace_net_part_number_exact_retrieval_probe_v1_quality.py	scripts/benchmark/s6_retrieval/check_trace_net_part_number_exact_retrieval_probe_v1_quality.py
scripts/benchmark/check_trace_net_retrieval_payload_audit_v1_quality.py	scripts/benchmark/s6_retrieval/check_trace_net_retrieval_payload_audit_v1_quality.py
scripts/benchmark/check_trace_net_table_exact_search_smoke_v1_quality.py	scripts/benchmark/s6_retrieval/check_trace_net_table_exact_search_smoke_v1_quality.py
scripts/benchmark/check_trace_net_table_hybrid_retrieval_bridge_v1_quality.py	scripts/benchmark/s6_retrieval/check_trace_net_table_hybrid_retrieval_bridge_v1_quality.py
scripts/benchmark/check_trace_net_table_hybrid_retrieval_integration_audit_v1_quality.py	scripts/benchmark/s6_retrieval/check_trace_net_table_hybrid_retrieval_integration_audit_v1_quality.py
scripts/benchmark/check_trace_net_table_route_retrieval_demo_query_pack_v1_quality.py	scripts/benchmark/s6_retrieval/check_trace_net_table_route_retrieval_demo_query_pack_v1_quality.py
scripts/benchmark/check_trace_net_v2_summary_smoke_tester_v1_quality.py	scripts/benchmark/s6_retrieval/check_trace_net_v2_summary_smoke_tester_v1_quality.py
scripts/benchmark/check_trace_net_vector_search_smoke_v1_quality.py	scripts/benchmark/s6_retrieval/check_trace_net_vector_search_smoke_v1_quality.py
scripts/benchmark/retrieval/load_trace_net_page_retrieval_profiles_qdrant_v1.py	scripts/benchmark/s6_retrieval/load_trace_net_page_retrieval_profiles_qdrant_v1.py
scripts/benchmark/run_trace_net_h30_phase4_3_semantic_benchmark_v1.py	scripts/benchmark/s6_retrieval/run_trace_net_h30_phase4_3_semantic_benchmark_v1.py
scripts/benchmark/run_trace_net_hybrid_retrieval_sim_v1.py	scripts/benchmark/s6_retrieval/run_trace_net_hybrid_retrieval_sim_v1.py
scripts/benchmark/run_trace_net_router_followup_retrieval_benchmark_v1.py	scripts/benchmark/s6_retrieval/run_trace_net_router_followup_retrieval_benchmark_v1.py
scripts/benchmark/run_trace_net_vector_search_smoke_v1.py	scripts/benchmark/s6_retrieval/run_trace_net_vector_search_smoke_v1.py
scripts/benchmark/build_trace_net_e2e_api_wrapper_smoke_v1.py	scripts/benchmark/serving/build_trace_net_e2e_api_wrapper_smoke_v1.py
scripts/benchmark/visual/build_trace_net_image_route_openwebui_endpoint_smoke_v1.py	scripts/benchmark/serving/build_trace_net_image_route_openwebui_endpoint_smoke_v1.py
scripts/benchmark/check_trace_net_ask_api_dynamic_retrieval_v2_quality.py	scripts/benchmark/serving/check_trace_net_ask_api_dynamic_retrieval_v2_quality.py
scripts/benchmark/check_trace_net_e2e_api_wrapper_smoke_v1_quality.py	scripts/benchmark/serving/check_trace_net_e2e_api_wrapper_smoke_v1_quality.py
scripts/benchmark/visual/check_trace_net_image_route_openwebui_endpoint_smoke_v1.py	scripts/benchmark/serving/check_trace_net_image_route_openwebui_endpoint_smoke_v1.py
scripts/benchmark/run_trace_net_ask_api_dynamic_retrieval_v2.py	scripts/benchmark/serving/run_trace_net_ask_api_dynamic_retrieval_v2.py
scripts/benchmark/ingestion/build_trace_net_dynamic_final_gate_execution_v1.py	scripts/benchmark/validation/build_trace_net_dynamic_final_gate_execution_v1.py
scripts/benchmark/build_trace_net_e2e_final_gate_smoke_v1.py	scripts/benchmark/validation/build_trace_net_e2e_final_gate_smoke_v1.py
scripts/benchmark/build_trace_net_e2e_live_eval_latency_harness_v26.py	scripts/benchmark/validation/build_trace_net_e2e_live_eval_latency_harness_v26.py
scripts/benchmark/ingestion/build_trace_net_e2e_live_llm_final_gate_v23.py	scripts/benchmark/validation/build_trace_net_e2e_live_llm_final_gate_v23.py
scripts/benchmark/graph/build_trace_net_e2e_live_relationship_final_gated_endpoint_v31.py	scripts/benchmark/validation/build_trace_net_e2e_live_relationship_final_gated_endpoint_v31.py
scripts/benchmark/writing/build_trace_net_e2e_live_webui_final_gated_gemma_endpoint_v24.py	scripts/benchmark/validation/build_trace_net_e2e_live_webui_final_gated_gemma_endpoint_v24.py
scripts/benchmark/graph/build_trace_net_e2e_relationship_final_gate_hardener_v30.py	scripts/benchmark/validation/build_trace_net_e2e_relationship_final_gate_hardener_v30.py
scripts/benchmark/ingestion/build_trace_net_engineering_draft_final_gate_v1.py	scripts/benchmark/validation/build_trace_net_engineering_draft_final_gate_v1.py
scripts/benchmark/writing/build_trace_net_engineering_llm_answer_smoke_v1.py	scripts/benchmark/validation/build_trace_net_engineering_llm_answer_smoke_v1.py
scripts/benchmark/build_trace_net_engineering_real_answer_smoke_review_v1.py	scripts/benchmark/validation/build_trace_net_engineering_real_answer_smoke_review_v1.py
scripts/benchmark/build_trace_net_engineering_real_answer_smoke_test_v1.py	scripts/benchmark/validation/build_trace_net_engineering_real_answer_smoke_test_v1.py
scripts/benchmark/build_trace_net_engineering_runner_eval_set_v1.py	scripts/benchmark/validation/build_trace_net_engineering_runner_eval_set_v1.py
scripts/benchmark/build_trace_net_engineering_runner_expanded_eval_set_v1.py	scripts/benchmark/validation/build_trace_net_engineering_runner_expanded_eval_set_v1.py
scripts/benchmark/build_trace_net_engineering_semantic_answer_quality_eval_v1.py	scripts/benchmark/validation/build_trace_net_engineering_semantic_answer_quality_eval_v1.py
scripts/benchmark/build_trace_net_retrieval_critic_v1.py	scripts/benchmark/validation/build_trace_net_retrieval_critic_v1.py
scripts/benchmark/check_trace_net_answer_quality_gate_v1_quality.py	scripts/benchmark/validation/check_trace_net_answer_quality_gate_v1_quality.py
scripts/benchmark/check_trace_net_ask_final_gate_v1_quality.py	scripts/benchmark/validation/check_trace_net_ask_final_gate_v1_quality.py
scripts/benchmark/check_trace_net_dynamic_final_gate_execution_v1_quality.py	scripts/benchmark/validation/check_trace_net_dynamic_final_gate_execution_v1_quality.py
scripts/benchmark/check_trace_net_e2e_crag_retrieval_corrector_v10_quality.py	scripts/benchmark/validation/check_trace_net_e2e_crag_retrieval_corrector_v10_quality.py
scripts/benchmark/check_trace_net_e2e_final_gate_smoke_v1_quality.py	scripts/benchmark/validation/check_trace_net_e2e_final_gate_smoke_v1_quality.py
scripts/benchmark/check_trace_net_e2e_live_eval_latency_harness_v26_quality.py	scripts/benchmark/validation/check_trace_net_e2e_live_eval_latency_harness_v26_quality.py
scripts/benchmark/check_trace_net_e2e_live_llm_final_gate_v23_quality.py	scripts/benchmark/validation/check_trace_net_e2e_live_llm_final_gate_v23_quality.py
scripts/benchmark/serving/check_trace_net_e2e_live_relationship_final_gated_endpoint_v31_quality.py	scripts/benchmark/validation/check_trace_net_e2e_live_relationship_final_gated_endpoint_v31_quality.py
scripts/benchmark/serving/check_trace_net_e2e_live_webui_final_gated_gemma_endpoint_v24_quality.py	scripts/benchmark/validation/check_trace_net_e2e_live_webui_final_gated_gemma_endpoint_v24_quality.py
scripts/benchmark/graph/check_trace_net_e2e_relationship_final_gate_hardener_v30_quality.py	scripts/benchmark/validation/check_trace_net_e2e_relationship_final_gate_hardener_v30_quality.py
scripts/benchmark/check_trace_net_engineering_draft_final_gate_v1_quality.py	scripts/benchmark/validation/check_trace_net_engineering_draft_final_gate_v1_quality.py
scripts/benchmark/check_trace_net_engineering_llm_answer_smoke_v1.py	scripts/benchmark/validation/check_trace_net_engineering_llm_answer_smoke_v1.py
scripts/benchmark/check_trace_net_engineering_real_answer_smoke_review_v1.py	scripts/benchmark/validation/check_trace_net_engineering_real_answer_smoke_review_v1.py
scripts/benchmark/check_trace_net_engineering_real_answer_smoke_test_v1.py	scripts/benchmark/validation/check_trace_net_engineering_real_answer_smoke_test_v1.py
scripts/benchmark/check_trace_net_engineering_runner_eval_set_v1.py	scripts/benchmark/validation/check_trace_net_engineering_runner_eval_set_v1.py
scripts/benchmark/check_trace_net_engineering_runner_expanded_eval_set_v1.py	scripts/benchmark/validation/check_trace_net_engineering_runner_expanded_eval_set_v1.py
scripts/benchmark/check_trace_net_engineering_semantic_answer_quality_eval_v1.py	scripts/benchmark/validation/check_trace_net_engineering_semantic_answer_quality_eval_v1.py
scripts/benchmark/check_trace_net_fast_chat_multi_route_quality_gate_v1_quality.py	scripts/benchmark/validation/check_trace_net_fast_chat_multi_route_quality_gate_v1_quality.py
scripts/benchmark/check_trace_net_raw_to_answer_e2e_smoke_native_v1_quality.py	scripts/benchmark/validation/check_trace_net_raw_to_answer_e2e_smoke_native_v1_quality.py
scripts/benchmark/check_trace_net_raw_to_answer_e2e_smoke_v1_quality.py	scripts/benchmark/validation/check_trace_net_raw_to_answer_e2e_smoke_v1_quality.py
scripts/benchmark/check_trace_net_retrieval_critic_v1_quality.py	scripts/benchmark/validation/check_trace_net_retrieval_critic_v1_quality.py
scripts/benchmark/evaluate_rag_models.py	scripts/benchmark/validation/evaluate_rag_models.py
scripts/benchmark/filter_trace_net_engineering_llm_question_bank_v1.py	scripts/benchmark/validation/filter_trace_net_engineering_llm_question_bank_v1.py
scripts/benchmark/ingestion/run_trace_net_ask_final_gate_v1.py	scripts/benchmark/validation/run_trace_net_ask_final_gate_v1.py
scripts/benchmark/run_trace_net_full_user_query_gemma_benchmark_v1.py	scripts/benchmark/validation/run_trace_net_full_user_query_gemma_benchmark_v1.py
scripts/benchmark/run_trace_net_h30_final_engram_benchmark_v1.py	scripts/benchmark/validation/run_trace_net_h30_final_engram_benchmark_v1.py
scripts/benchmark/run_trace_net_h30_server_benchmark_200_v1.py	scripts/benchmark/validation/run_trace_net_h30_server_benchmark_200_v1.py
scripts/benchmark/run_trace_net_raw_to_answer_e2e_smoke_native_v1.py	scripts/benchmark/validation/run_trace_net_raw_to_answer_e2e_smoke_native_v1.py
scripts/benchmark/run_trace_net_raw_to_answer_e2e_smoke_v1.py	scripts/benchmark/validation/run_trace_net_raw_to_answer_e2e_smoke_v1.py
scripts/benchmark/serving/serve_trace_net_e2e_live_relationship_final_gated_endpoint_v31.py	scripts/benchmark/validation/serve_trace_net_e2e_live_relationship_final_gated_endpoint_v31.py
scripts/benchmark/serving/serve_trace_net_e2e_live_webui_final_gated_gemma_endpoint_v24.py	scripts/benchmark/validation/serve_trace_net_e2e_live_webui_final_gated_gemma_endpoint_v24.py
scripts/benchmark/write_expanded_rag_eval_questions.py	scripts/benchmark/validation/write_expanded_rag_eval_questions.py
scripts/benchmark/check_trace_net_image_route_multi_route_quality_gate_v1.py	scripts/benchmark/visual/check_trace_net_image_route_multi_route_quality_gate_v1.py
scripts/benchmark/core/check_trace_net_h30_public_answer_golden_v1.py	scripts/benchmark/writing/check_trace_net_h30_public_answer_golden_v1.py
scripts/maintenance/ingestion/check_tiff_storage_adapters.py	scripts/maintenance/core/check_tiff_storage_adapters.py
scripts/maintenance/operations/check_trace_net_canonical_runtime_map_v1_quality.py	scripts/maintenance/core/check_trace_net_canonical_runtime_map_v1_quality.py
scripts/maintenance/benchmark/check_trace_net_cleanup_repair_quality.py	scripts/maintenance/core/check_trace_net_cleanup_repair_quality.py
scripts/maintenance/benchmark/check_trace_net_dry_run_loader_planner_v1_quality.py	scripts/maintenance/core/check_trace_net_dry_run_loader_planner_v1_quality.py
scripts/maintenance/benchmark/check_trace_net_dublin_core_crosswalk_refinement_v1_quality.py	scripts/maintenance/core/check_trace_net_dublin_core_crosswalk_refinement_v1_quality.py
scripts/maintenance/benchmark/check_trace_net_dublin_core_crosswalk_v1_quality.py	scripts/maintenance/core/check_trace_net_dublin_core_crosswalk_v1_quality.py
scripts/maintenance/benchmark/check_trace_net_dublin_core_source_package_extension_v1_quality.py	scripts/maintenance/core/check_trace_net_dublin_core_source_package_extension_v1_quality.py
scripts/maintenance/benchmark/check_trace_net_e2e_llm_prompt_contract_v11_quality.py	scripts/maintenance/core/check_trace_net_e2e_llm_prompt_contract_v11_quality.py
scripts/maintenance/benchmark/check_trace_net_loader_contract_audit_v1_quality.py	scripts/maintenance/core/check_trace_net_loader_contract_audit_v1_quality.py
scripts/maintenance/operations/check_trace_net_runtime_hybrid_v3_v22_quality.py	scripts/maintenance/core/check_trace_net_runtime_hybrid_v3_v22_quality.py
scripts/maintenance/serving/audit_document_batch.py	scripts/maintenance/ingestion/audit_document_batch.py
scripts/maintenance/ocr/audit_ocr_coverage.py	scripts/maintenance/ingestion/audit_ocr_coverage.py
scripts/maintenance/benchmark/check_trace_net_answer_context_anchor_injector_v1_quality.py	scripts/maintenance/ingestion/check_trace_net_answer_context_anchor_injector_v1_quality.py
scripts/maintenance/benchmark/check_trace_net_answer_context_evidence_enricher_v1_quality.py	scripts/maintenance/ingestion/check_trace_net_answer_context_evidence_enricher_v1_quality.py
scripts/maintenance/benchmark/check_trace_net_answer_context_exact_row_proof_v1_quality.py	scripts/maintenance/ingestion/check_trace_net_answer_context_exact_row_proof_v1_quality.py
scripts/maintenance/benchmark/check_trace_net_claim_evidence_entailment_v1_quality.py	scripts/maintenance/ingestion/check_trace_net_claim_evidence_entailment_v1_quality.py
scripts/maintenance/benchmark/check_trace_net_e2e_cascade_route_feature_audit_v35_2_quality.py	scripts/maintenance/ingestion/check_trace_net_e2e_cascade_route_feature_audit_v35_2_quality.py
scripts/maintenance/benchmark/check_trace_net_element_category_taxonomy_v1_quality.py	scripts/maintenance/ingestion/check_trace_net_element_category_taxonomy_v1_quality.py
scripts/maintenance/benchmark/check_trace_net_engineering_query_planner_v1_quality.py	scripts/maintenance/ingestion/check_trace_net_engineering_query_planner_v1_quality.py
scripts/maintenance/benchmark/check_trace_net_gold_label_auto_review_seed_v1_quality.py	scripts/maintenance/ingestion/check_trace_net_gold_label_auto_review_seed_v1_quality.py
scripts/maintenance/benchmark/check_trace_net_gold_label_decision_merge_v1_quality.py	scripts/maintenance/ingestion/check_trace_net_gold_label_decision_merge_v1_quality.py
scripts/maintenance/benchmark/check_trace_net_gold_label_review_reduction_v1_quality.py	scripts/maintenance/ingestion/check_trace_net_gold_label_review_reduction_v1_quality.py
scripts/maintenance/benchmark/check_trace_net_human_review_triage_v1_quality.py	scripts/maintenance/ingestion/check_trace_net_human_review_triage_v1_quality.py
scripts/maintenance/benchmark/check_trace_net_human_review_workbench_preview_wiring_v1_quality.py	scripts/maintenance/ingestion/check_trace_net_human_review_workbench_preview_wiring_v1_quality.py
scripts/maintenance/benchmark/check_trace_net_human_review_workbench_v1_quality.py	scripts/maintenance/ingestion/check_trace_net_human_review_workbench_v1_quality.py
scripts/maintenance/benchmark/check_trace_net_incremental_corpus_manifest_v1_quality.py	scripts/maintenance/ingestion/check_trace_net_incremental_corpus_manifest_v1_quality.py
scripts/maintenance/benchmark/check_trace_net_incremental_orchestrator_v1_quality.py	scripts/maintenance/ingestion/check_trace_net_incremental_orchestrator_v1_quality.py
scripts/maintenance/benchmark/check_trace_net_incremental_processing_runner_v1_quality.py	scripts/maintenance/ingestion/check_trace_net_incremental_processing_runner_v1_quality.py
scripts/maintenance/benchmark/check_trace_net_incremental_state_commit_gate_v1_quality.py	scripts/maintenance/ingestion/check_trace_net_incremental_state_commit_gate_v1_quality.py
scripts/maintenance/benchmark/check_trace_net_it_issue_origin_test_matrix_v1_quality.py	scripts/maintenance/ingestion/check_trace_net_it_issue_origin_test_matrix_v1_quality.py
scripts/maintenance/benchmark/check_trace_net_page_element_registry_v1_quality.py	scripts/maintenance/ingestion/check_trace_net_page_element_registry_v1_quality.py
scripts/maintenance/benchmark/check_trace_net_page_ink_route_evidence_v1_quality.py	scripts/maintenance/ingestion/check_trace_net_page_ink_route_evidence_v1_quality.py
scripts/maintenance/benchmark/check_trace_net_page_route_manifest_v1_quality.py	scripts/maintenance/ingestion/check_trace_net_page_route_manifest_v1_quality.py
scripts/maintenance/benchmark/check_trace_net_plan_quality.py	scripts/maintenance/ingestion/check_trace_net_plan_quality.py
scripts/maintenance/benchmark/check_trace_net_repair_quality.py	scripts/maintenance/ingestion/check_trace_net_repair_quality.py
scripts/maintenance/benchmark/check_trace_net_scan_quality_contract_v1.py	scripts/maintenance/ingestion/check_trace_net_scan_quality_contract_v1.py
scripts/maintenance/benchmark/check_trace_net_v2_sample_runner_simple_v1_quality.py	scripts/maintenance/ingestion/check_trace_net_v2_sample_runner_simple_v1_quality.py
scripts/maintenance/benchmark/check_trace_net_ocr_classifier_pipeline_v1_quality.py	scripts/maintenance/ocr/check_trace_net_ocr_classifier_pipeline_v1_quality.py
scripts/maintenance/ocr/audit_ocr_depth.py	scripts/maintenance/s2_ocr/audit_ocr_depth.py
scripts/maintenance/benchmark/check_trace_net_fishnet_accepted_route_manifest_v1_quality.py	scripts/maintenance/s2_ocr/check_trace_net_fishnet_accepted_route_manifest_v1_quality.py
scripts/maintenance/ocr/check_trace_net_fishnet_ocr_grid_v1_quality.py	scripts/maintenance/s2_ocr/check_trace_net_fishnet_ocr_grid_v1_quality.py
scripts/maintenance/benchmark/check_trace_net_fishnet_retry_engine_v1_quality.py	scripts/maintenance/s2_ocr/check_trace_net_fishnet_retry_engine_v1_quality.py
scripts/maintenance/benchmark/check_trace_net_fishnet_retry_refinement_v1_quality.py	scripts/maintenance/s2_ocr/check_trace_net_fishnet_retry_refinement_v1_quality.py
scripts/maintenance/benchmark/check_trace_net_fishnet_route_dispatch_handoff_v1_quality.py	scripts/maintenance/s2_ocr/check_trace_net_fishnet_route_dispatch_handoff_v1_quality.py
scripts/maintenance/benchmark/check_trace_net_fishnet_route_manifest_overlay_v1_quality.py	scripts/maintenance/s2_ocr/check_trace_net_fishnet_route_manifest_overlay_v1_quality.py
scripts/maintenance/benchmark/check_trace_net_fishnet_route_review_packet_v1_quality.py	scripts/maintenance/s2_ocr/check_trace_net_fishnet_route_review_packet_v1_quality.py
scripts/maintenance/benchmark/check_trace_net_fishnet_route_signal_workbench_v1_quality.py	scripts/maintenance/s2_ocr/check_trace_net_fishnet_route_signal_workbench_v1_quality.py
scripts/maintenance/benchmark/check_trace_net_fishnet_router_hardening_policy_v1_quality.py	scripts/maintenance/s2_ocr/check_trace_net_fishnet_router_hardening_policy_v1_quality.py
scripts/maintenance/ocr/check_trace_net_image_ocr_figure_callout_extractor_v1.py	scripts/maintenance/s2_ocr/check_trace_net_image_ocr_figure_callout_extractor_v1.py
scripts/maintenance/embeddings/check_trace_net_ocr_v2_v3_embedding_candidates_v1_quality.py	scripts/maintenance/s2_ocr/check_trace_net_ocr_v2_v3_embedding_candidates_v1_quality.py
scripts/maintenance/ocr/check_trace_net_paddleocr_table_quality.py	scripts/maintenance/s2_ocr/check_trace_net_paddleocr_table_quality.py
scripts/maintenance/ocr/check_trace_net_raw_ocr_nomenclature_window_extractor_v1.py	scripts/maintenance/s2_ocr/check_trace_net_raw_ocr_nomenclature_window_extractor_v1.py
scripts/maintenance/benchmark/check_trace_net_table_bbox_resolver_v1_quality.py	scripts/maintenance/s2_ocr/check_trace_net_table_bbox_resolver_v1_quality.py
scripts/maintenance/benchmark/check_trace_net_table_bbox_scoped_cell_extraction_v1_quality.py	scripts/maintenance/s2_ocr/check_trace_net_table_bbox_scoped_cell_extraction_v1_quality.py
scripts/maintenance/benchmark/check_trace_net_table_candidate_quality.py	scripts/maintenance/s2_ocr/check_trace_net_table_candidate_quality.py
scripts/maintenance/tables/check_trace_net_table_cell_normalizer_v1_quality.py	scripts/maintenance/s2_ocr/check_trace_net_table_cell_normalizer_v1_quality.py
scripts/maintenance/benchmark/check_trace_net_table_crop_completeness_guard_v1_quality.py	scripts/maintenance/s2_ocr/check_trace_net_table_crop_completeness_guard_v1_quality.py
scripts/maintenance/tables/check_trace_net_table_crop_margin_expansion_experiment_v1_quality.py	scripts/maintenance/s2_ocr/check_trace_net_table_crop_margin_expansion_experiment_v1_quality.py
scripts/maintenance/benchmark/check_trace_net_table_crop_selection_diagnostics_v1_quality.py	scripts/maintenance/s2_ocr/check_trace_net_table_crop_selection_diagnostics_v1_quality.py
scripts/maintenance/benchmark/check_trace_net_table_detector_overlay_audit_v1_quality.py	scripts/maintenance/s2_ocr/check_trace_net_table_detector_overlay_audit_v1_quality.py
scripts/maintenance/benchmark/check_trace_net_table_detector_overlay_review_pack_v1_quality.py	scripts/maintenance/s2_ocr/check_trace_net_table_detector_overlay_review_pack_v1_quality.py
scripts/maintenance/tables/check_trace_net_table_detector_overlay_verdict_ingest_v1_quality.py	scripts/maintenance/s2_ocr/check_trace_net_table_detector_overlay_verdict_ingest_v1_quality.py
scripts/maintenance/tables/check_trace_net_table_extraction_bbox_overlay_export_v1_quality.py	scripts/maintenance/s2_ocr/check_trace_net_table_extraction_bbox_overlay_export_v1_quality.py
scripts/maintenance/tables/check_trace_net_table_full_enclosure_bbox_overlay_export_v1_quality.py	scripts/maintenance/s2_ocr/check_trace_net_table_full_enclosure_bbox_overlay_export_v1_quality.py
scripts/maintenance/benchmark/check_trace_net_table_full_enclosure_bbox_reconstructor_v1_quality.py	scripts/maintenance/s2_ocr/check_trace_net_table_full_enclosure_bbox_reconstructor_v1_quality.py
scripts/maintenance/benchmark/check_trace_net_table_full_region_recovery_v1_quality.py	scripts/maintenance/s2_ocr/check_trace_net_table_full_region_recovery_v1_quality.py
scripts/maintenance/benchmark/check_trace_net_table_geometry_review_bridge_v1_quality.py	scripts/maintenance/s2_ocr/check_trace_net_table_geometry_review_bridge_v1_quality.py
scripts/maintenance/benchmark/check_trace_net_table_image_resolver_v1_quality.py	scripts/maintenance/s2_ocr/check_trace_net_table_image_resolver_v1_quality.py
scripts/maintenance/tables/check_trace_net_table_line_geometry_route_contract_audit_v1_quality.py	scripts/maintenance/s2_ocr/check_trace_net_table_line_geometry_route_contract_audit_v1_quality.py
scripts/maintenance/tables/check_trace_net_table_line_geometry_v1_quality.py	scripts/maintenance/s2_ocr/check_trace_net_table_line_geometry_v1_quality.py
scripts/maintenance/benchmark/check_trace_net_table_margin_detector_parity_v1_quality.py	scripts/maintenance/s2_ocr/check_trace_net_table_margin_detector_parity_v1_quality.py
scripts/maintenance/benchmark/check_trace_net_table_margin_morphology_parity_v1_quality.py	scripts/maintenance/s2_ocr/check_trace_net_table_margin_morphology_parity_v1_quality.py
scripts/maintenance/benchmark/check_trace_net_table_ocr_bbox_enrichment_v1_quality.py	scripts/maintenance/s2_ocr/check_trace_net_table_ocr_bbox_enrichment_v1_quality.py
scripts/maintenance/tables/check_trace_net_table_ocr_bbox_sidecar_generator_v1_quality.py	scripts/maintenance/s2_ocr/check_trace_net_table_ocr_bbox_sidecar_generator_v1_quality.py
scripts/maintenance/tables/check_trace_net_table_paddle_style_bbox_resolver_v1_quality.py	scripts/maintenance/s2_ocr/check_trace_net_table_paddle_style_bbox_resolver_v1_quality.py
scripts/maintenance/benchmark/check_trace_net_table_presence_verifier_v1_quality.py	scripts/maintenance/s2_ocr/check_trace_net_table_presence_verifier_v1_quality.py
scripts/maintenance/tables/check_trace_net_table_route_cell_extractor_v1_quality.py	scripts/maintenance/s2_ocr/check_trace_net_table_route_cell_extractor_v1_quality.py
scripts/maintenance/context/check_trace_net_table_route_evidence_packager_v1_quality.py	scripts/maintenance/s2_ocr/check_trace_net_table_route_evidence_packager_v1_quality.py
scripts/maintenance/tables/check_trace_net_table_route_value_audit_lep_v4_preset_v1_quality.py	scripts/maintenance/s2_ocr/check_trace_net_table_route_value_audit_lep_v4_preset_v1_quality.py
scripts/maintenance/tables/check_trace_net_table_route_value_audit_v1_quality.py	scripts/maintenance/s2_ocr/check_trace_net_table_route_value_audit_v1_quality.py
scripts/maintenance/benchmark/check_trace_net_table_route_value_normalizer_v1_quality.py	scripts/maintenance/s2_ocr/check_trace_net_table_route_value_normalizer_v1_quality.py
scripts/maintenance/tables/check_trace_net_table_row_context_source_expander_v1.py	scripts/maintenance/s2_ocr/check_trace_net_table_row_context_source_expander_v1.py
scripts/maintenance/benchmark/check_trace_net_table_structure_bbox_localizer_v1_quality.py	scripts/maintenance/s2_ocr/check_trace_net_table_structure_bbox_localizer_v1_quality.py
scripts/maintenance/benchmark/check_trace_net_table_structure_bbox_overlay_export_v1_quality.py	scripts/maintenance/s2_ocr/check_trace_net_table_structure_bbox_overlay_export_v1_quality.py
scripts/maintenance/benchmark/check_trace_net_table_tile_quality.py	scripts/maintenance/s2_ocr/check_trace_net_table_tile_quality.py
scripts/maintenance/benchmark/check_trace_net_table_tile_text_quality.py	scripts/maintenance/s2_ocr/check_trace_net_table_tile_text_quality.py
scripts/maintenance/benchmark/check_trace_net_table_tile_text_refined_quality.py	scripts/maintenance/s2_ocr/check_trace_net_table_tile_text_refined_quality.py
scripts/maintenance/benchmark/check_trace_net_table_understanding_v1_quality.py	scripts/maintenance/s2_ocr/check_trace_net_table_understanding_v1_quality.py
scripts/maintenance/benchmark/check_trace_net_table_visual_bbox_localizer_v1_quality.py	scripts/maintenance/s2_ocr/check_trace_net_table_visual_bbox_localizer_v1_quality.py
scripts/maintenance/benchmark/check_trace_net_table_visual_bbox_overlay_export_v1_quality.py	scripts/maintenance/s2_ocr/check_trace_net_table_visual_bbox_overlay_export_v1_quality.py
scripts/maintenance/ocr/clean_tiff_ocr.py	scripts/maintenance/s2_ocr/clean_tiff_ocr.py
scripts/maintenance/ocr/report_ocr_cleanup.py	scripts/maintenance/s2_ocr/report_ocr_cleanup.py
scripts/maintenance/graph/audit_trace_net_postgres_graph.py	scripts/maintenance/s3_graph_store/audit_trace_net_postgres_graph.py
scripts/maintenance/benchmark/check_document_graph_quality.py	scripts/maintenance/s3_graph_store/check_document_graph_quality.py
scripts/maintenance/benchmark/check_entity_trait_graph_quality.py	scripts/maintenance/s3_graph_store/check_entity_trait_graph_quality.py
scripts/maintenance/benchmark/check_trace_net_ai_trace_pack_v1_quality.py	scripts/maintenance/s3_graph_store/check_trace_net_ai_trace_pack_v1_quality.py
scripts/maintenance/graph/check_trace_net_anchor_aware_graph_leiden_expander_v1_quality.py	scripts/maintenance/s3_graph_store/check_trace_net_anchor_aware_graph_leiden_expander_v1_quality.py
scripts/maintenance/graph/check_trace_net_answer_context_graph_leiden_expander_v1_quality.py	scripts/maintenance/s3_graph_store/check_trace_net_answer_context_graph_leiden_expander_v1_quality.py
scripts/maintenance/graph/check_trace_net_category_aware_leiden_overlay_v1_quality.py	scripts/maintenance/s3_graph_store/check_trace_net_category_aware_leiden_overlay_v1_quality.py
scripts/maintenance/benchmark/check_trace_net_community_ablation_quality.py	scripts/maintenance/s3_graph_store/check_trace_net_community_ablation_quality.py
scripts/maintenance/benchmark/check_trace_net_e2e_dynamic_plan_executor_v18_quality.py	scripts/maintenance/s3_graph_store/check_trace_net_e2e_dynamic_plan_executor_v18_quality.py
scripts/maintenance/benchmark/check_trace_net_e2e_live_relationship_synthesis_planner_v29_quality.py	scripts/maintenance/s3_graph_store/check_trace_net_e2e_live_relationship_synthesis_planner_v29_quality.py
scripts/maintenance/benchmark/check_trace_net_element_graph_attachment_plan_v1_quality.py	scripts/maintenance/s3_graph_store/check_trace_net_element_graph_attachment_plan_v1_quality.py
scripts/maintenance/benchmark/check_trace_net_graph_audit_quality.py	scripts/maintenance/s3_graph_store/check_trace_net_graph_audit_quality.py
scripts/maintenance/benchmark/check_trace_net_graph_baseline_checkpoint_v1_quality.py	scripts/maintenance/s3_graph_store/check_trace_net_graph_baseline_checkpoint_v1_quality.py
scripts/maintenance/benchmark/check_trace_net_graph_overlay_part_lineage_v1_quality.py	scripts/maintenance/s3_graph_store/check_trace_net_graph_overlay_part_lineage_v1_quality.py
scripts/maintenance/benchmark/check_trace_net_graph_overlay_part_property_normalizer_v1_quality.py	scripts/maintenance/s3_graph_store/check_trace_net_graph_overlay_part_property_normalizer_v1_quality.py
scripts/maintenance/graph/check_trace_net_graph_query_evidence_enrichment_v1_quality.py	scripts/maintenance/s3_graph_store/check_trace_net_graph_query_evidence_enrichment_v1_quality.py
scripts/maintenance/benchmark/check_trace_net_graph_query_helper_v1_quality.py	scripts/maintenance/s3_graph_store/check_trace_net_graph_query_helper_v1_quality.py
scripts/maintenance/benchmark/check_trace_net_graph_writeback_overlay_v1_quality.py	scripts/maintenance/s3_graph_store/check_trace_net_graph_writeback_overlay_v1_quality.py
scripts/maintenance/graph/check_trace_net_leiden_category_summary_hydrator_v1_quality.py	scripts/maintenance/s3_graph_store/check_trace_net_leiden_category_summary_hydrator_v1_quality.py
scripts/maintenance/graph/check_trace_net_leiden_community_quality_audit_v1_quality.py	scripts/maintenance/s3_graph_store/check_trace_net_leiden_community_quality_audit_v1_quality.py
scripts/maintenance/graph/check_trace_net_leiden_graph_communities_v1_quality.py	scripts/maintenance/s3_graph_store/check_trace_net_leiden_graph_communities_v1_quality.py
scripts/maintenance/graph/check_trace_net_leiden_navigation_metadata_bridge_v1_quality.py	scripts/maintenance/s3_graph_store/check_trace_net_leiden_navigation_metadata_bridge_v1_quality.py
scripts/maintenance/benchmark/check_trace_net_leiden_quality.py	scripts/maintenance/s3_graph_store/check_trace_net_leiden_quality.py
scripts/maintenance/graph/check_trace_net_leiden_representative_label_tightening_v1_quality.py	scripts/maintenance/s3_graph_store/check_trace_net_leiden_representative_label_tightening_v1_quality.py
scripts/maintenance/graph/check_trace_net_nha_phase0_3_v1.py	scripts/maintenance/s3_graph_store/check_trace_net_nha_phase0_3_v1.py
scripts/maintenance/graph/check_trace_net_nha_phase4_hierarchy_v1.py	scripts/maintenance/s3_graph_store/check_trace_net_nha_phase4_hierarchy_v1.py
scripts/maintenance/graph/check_trace_net_nha_phase9_release_v1.py	scripts/maintenance/s3_graph_store/check_trace_net_nha_phase9_release_v1.py
scripts/maintenance/benchmark/check_trace_net_postgres_context_overlay_quality.py	scripts/maintenance/s3_graph_store/check_trace_net_postgres_context_overlay_quality.py
scripts/maintenance/benchmark/check_trace_net_postgres_quality.py	scripts/maintenance/s3_graph_store/check_trace_net_postgres_quality.py
scripts/maintenance/benchmark/check_trace_net_postgres_trust_overlay_quality.py	scripts/maintenance/s3_graph_store/check_trace_net_postgres_trust_overlay_quality.py
scripts/maintenance/graph/freeze_trace_net_graph_baseline_checkpoint_v1.py	scripts/maintenance/s3_graph_store/freeze_trace_net_graph_baseline_checkpoint_v1.py
scripts/maintenance/ingestion/preview_rescarta_links.py	scripts/maintenance/s3_graph_store/preview_rescarta_links.py
scripts/maintenance/graph/print_current_graph_setup.py	scripts/maintenance/s3_graph_store/print_current_graph_setup.py
scripts/maintenance/graph/refresh_graph_quality_summary.py	scripts/maintenance/s3_graph_store/refresh_graph_quality_summary.py
scripts/maintenance/ingestion/report_rescarta_mapping.py	scripts/maintenance/s3_graph_store/report_rescarta_mapping.py
scripts/maintenance/graph/trace_document_graph.py	scripts/maintenance/s3_graph_store/trace_document_graph.py
scripts/maintenance/ingestion/validate_rescarta_link_template.py	scripts/maintenance/s3_graph_store/validate_rescarta_link_template.py
scripts/maintenance/embeddings/check_trace_net_embedding_candidates_v1_quality.py	scripts/maintenance/s4_embed/check_trace_net_embedding_candidates_v1_quality.py
scripts/maintenance/benchmark/check_trace_net_qdrant_loader_v1_quality.py	scripts/maintenance/s4_embed/check_trace_net_qdrant_loader_v1_quality.py
scripts/maintenance/engram/check_trace_net_engineering_engram_core_v1.py	scripts/maintenance/s5_engram/check_trace_net_engineering_engram_core_v1.py
scripts/maintenance/engram/check_trace_net_engineering_engram_memory_layers_v1.py	scripts/maintenance/s5_engram/check_trace_net_engineering_engram_memory_layers_v1.py
scripts/maintenance/feedback/check_trace_net_engineering_engram_postgres_feedback_ledger_v1.py	scripts/maintenance/s5_engram/check_trace_net_engineering_engram_postgres_feedback_ledger_v1.py
scripts/maintenance/embeddings/check_trace_net_engineering_engram_qdrant_adapter_v1.py	scripts/maintenance/s5_engram/check_trace_net_engineering_engram_qdrant_adapter_v1.py
scripts/maintenance/engram/check_trace_net_engineering_engram_unified_runtime_gate_v1.py	scripts/maintenance/s5_engram/check_trace_net_engineering_engram_unified_runtime_gate_v1.py
scripts/maintenance/engram/check_trace_net_engineering_engram_vector_loader_v1.py	scripts/maintenance/s5_engram/check_trace_net_engineering_engram_vector_loader_v1.py
scripts/maintenance/engram/check_trace_net_engineering_engram_vector_retriever_v1.py	scripts/maintenance/s5_engram/check_trace_net_engineering_engram_vector_retriever_v1.py
scripts/maintenance/engram/check_trace_net_engram_skill_cards_v1.py	scripts/maintenance/s5_engram/check_trace_net_engram_skill_cards_v1.py
scripts/maintenance/engram/check_trace_net_engram_skill_planner_guidance_v1.py	scripts/maintenance/s5_engram/check_trace_net_engram_skill_planner_guidance_v1.py
scripts/maintenance/engram/check_trace_net_h30_engram_canonical_registry_v1.py	scripts/maintenance/s5_engram/check_trace_net_h30_engram_canonical_registry_v1.py
scripts/maintenance/graph/check_trace_net_nha_engram_v1.py	scripts/maintenance/s5_engram/check_trace_net_nha_engram_v1.py
scripts/maintenance/benchmark/check_trust_trait_overlay_quality.py	scripts/maintenance/s5_engram/check_trust_trait_overlay_quality.py
scripts/maintenance/benchmark/check_trace_net_answer_context_pack_v1_quality.py	scripts/maintenance/s6_retrieval/check_trace_net_answer_context_pack_v1_quality.py
scripts/maintenance/benchmark/check_trace_net_e2e_calibrated_cascade_route_brain_v35_3_quality.py	scripts/maintenance/s6_retrieval/check_trace_net_e2e_calibrated_cascade_route_brain_v35_3_quality.py
scripts/maintenance/benchmark/check_trace_net_e2e_context_pack_builder_v1_quality.py	scripts/maintenance/s6_retrieval/check_trace_net_e2e_context_pack_builder_v1_quality.py
scripts/maintenance/benchmark/check_trace_net_e2e_dynamic_context_pack_v8_quality.py	scripts/maintenance/s6_retrieval/check_trace_net_e2e_dynamic_context_pack_v8_quality.py
scripts/maintenance/benchmark/check_trace_net_e2e_dynamic_query_tunnels_v3_quality.py	scripts/maintenance/s6_retrieval/check_trace_net_e2e_dynamic_query_tunnels_v3_quality.py
scripts/maintenance/benchmark/check_trace_net_e2e_dynamic_tunnel_ranker_v6_quality.py	scripts/maintenance/s6_retrieval/check_trace_net_e2e_dynamic_tunnel_ranker_v6_quality.py
scripts/maintenance/benchmark/check_trace_net_e2e_executed_plan_context_pack_v19_quality.py	scripts/maintenance/s6_retrieval/check_trace_net_e2e_executed_plan_context_pack_v19_quality.py
scripts/maintenance/benchmark/check_trace_net_e2e_optional_tunnel_activator_v5_quality.py	scripts/maintenance/s6_retrieval/check_trace_net_e2e_optional_tunnel_activator_v5_quality.py
scripts/maintenance/benchmark/check_trace_net_e2e_query_planning_routing_v1_quality.py	scripts/maintenance/s6_retrieval/check_trace_net_e2e_query_planning_routing_v1_quality.py
scripts/maintenance/graph/check_trace_net_e2e_relationship_router_hardening_v29_1_quality.py	scripts/maintenance/s6_retrieval/check_trace_net_e2e_relationship_router_hardening_v29_1_quality.py
scripts/maintenance/context/check_trace_net_engineering_answer_context_pack_v1.py	scripts/maintenance/s6_retrieval/check_trace_net_engineering_answer_context_pack_v1.py
scripts/maintenance/context/check_trace_net_engineering_answer_runner_overlay_context_pack_v1.py	scripts/maintenance/s6_retrieval/check_trace_net_engineering_answer_runner_overlay_context_pack_v1.py
scripts/maintenance/benchmark/check_trace_net_engineering_context_draft_packet_v1_quality.py	scripts/maintenance/s6_retrieval/check_trace_net_engineering_context_draft_packet_v1_quality.py
scripts/maintenance/benchmark/check_trace_net_engineering_context_pack_blueprint_v1_quality.py	scripts/maintenance/s6_retrieval/check_trace_net_engineering_context_pack_blueprint_v1_quality.py
scripts/maintenance/benchmark/check_trace_net_engineering_context_pack_builder_v1_quality.py	scripts/maintenance/s6_retrieval/check_trace_net_engineering_context_pack_builder_v1_quality.py
scripts/maintenance/benchmark/check_trace_net_evidence_snippet_claims_v1_quality.py	scripts/maintenance/s6_retrieval/check_trace_net_evidence_snippet_claims_v1_quality.py
scripts/maintenance/benchmark/check_trace_net_evidence_snippet_cleaner_v1_quality.py	scripts/maintenance/s6_retrieval/check_trace_net_evidence_snippet_cleaner_v1_quality.py
scripts/maintenance/feedback/check_trace_net_feedback_search_simulation_quality.py	scripts/maintenance/s6_retrieval/check_trace_net_feedback_search_simulation_quality.py
scripts/maintenance/benchmark/check_trace_net_four_route_operational_resolver_v1_quality.py	scripts/maintenance/s6_retrieval/check_trace_net_four_route_operational_resolver_v1_quality.py
scripts/maintenance/context/check_trace_net_h30_claim_ready_evidence_v1.py	scripts/maintenance/s6_retrieval/check_trace_net_h30_claim_ready_evidence_v1.py
scripts/maintenance/retrieval/check_trace_net_h30_part_intent_source_resolution_v1.py	scripts/maintenance/s6_retrieval/check_trace_net_h30_part_intent_source_resolution_v1.py
scripts/maintenance/retrieval/check_trace_net_h30_phase4_3_1_exact_identifier_v1.py	scripts/maintenance/s6_retrieval/check_trace_net_h30_phase4_3_1_exact_identifier_v1.py
scripts/maintenance/operations/check_trace_net_h30_shadow_planner_v1.py	scripts/maintenance/s6_retrieval/check_trace_net_h30_shadow_planner_v1.py
scripts/maintenance/context/check_trace_net_h30_typed_evidence_envelope_v1.py	scripts/maintenance/s6_retrieval/check_trace_net_h30_typed_evidence_envelope_v1.py
scripts/maintenance/router/check_trace_net_h30_validated_planner_execution_v1.py	scripts/maintenance/s6_retrieval/check_trace_net_h30_validated_planner_execution_v1.py
scripts/maintenance/benchmark/check_trace_net_opensearch_adapter_lineage_guard_v1_quality.py	scripts/maintenance/s6_retrieval/check_trace_net_opensearch_adapter_lineage_guard_v1_quality.py
scripts/maintenance/benchmark/check_trace_net_opensearch_adapter_v1_quality.py	scripts/maintenance/s6_retrieval/check_trace_net_opensearch_adapter_v1_quality.py
scripts/maintenance/benchmark/check_trace_net_opensearch_live_loader_v1_quality.py	scripts/maintenance/s6_retrieval/check_trace_net_opensearch_live_loader_v1_quality.py
scripts/maintenance/benchmark/check_trace_net_opensearch_missing_lineage_inspector_v1_quality.py	scripts/maintenance/s6_retrieval/check_trace_net_opensearch_missing_lineage_inspector_v1_quality.py
scripts/maintenance/context/check_trace_net_page_context_pack_v3_quality.py	scripts/maintenance/s6_retrieval/check_trace_net_page_context_pack_v3_quality.py
scripts/maintenance/benchmark/check_trace_net_page_context_v2_gemma_adapter_v1_quality.py	scripts/maintenance/s6_retrieval/check_trace_net_page_context_v2_gemma_adapter_v1_quality.py
scripts/maintenance/benchmark/check_trace_net_page_query_response_dataset_v1_quality.py	scripts/maintenance/s6_retrieval/check_trace_net_page_query_response_dataset_v1_quality.py
scripts/maintenance/benchmark/check_trace_net_page_query_response_source_cross_reference_v1_quality.py	scripts/maintenance/s6_retrieval/check_trace_net_page_query_response_source_cross_reference_v1_quality.py
scripts/maintenance/benchmark/check_trace_net_page_query_response_tiff_content_audit_v1_quality.py	scripts/maintenance/s6_retrieval/check_trace_net_page_query_response_tiff_content_audit_v1_quality.py
scripts/maintenance/benchmark/check_trace_net_rag_candidate_index_quality.py	scripts/maintenance/s6_retrieval/check_trace_net_rag_candidate_index_quality.py
scripts/maintenance/benchmark/check_trace_net_rag_search_quality.py	scripts/maintenance/s6_retrieval/check_trace_net_rag_search_quality.py
scripts/maintenance/benchmark/check_trace_net_route_confidence_resolver_v1_quality.py	scripts/maintenance/s6_retrieval/check_trace_net_route_confidence_resolver_v1_quality.py
scripts/maintenance/core/check_trace_net_route_contract_integration_audit_v1_quality.py	scripts/maintenance/s6_retrieval/check_trace_net_route_contract_integration_audit_v1_quality.py
scripts/maintenance/benchmark/check_trace_net_route_enforcement_mission_gate_v1_quality.py	scripts/maintenance/s6_retrieval/check_trace_net_route_enforcement_mission_gate_v1_quality.py
scripts/maintenance/benchmark/check_trace_net_route_label_taxonomy_v1_quality.py	scripts/maintenance/s6_retrieval/check_trace_net_route_label_taxonomy_v1_quality.py
scripts/maintenance/benchmark/check_trace_net_route_unresolved_retry_probe_v1_quality.py	scripts/maintenance/s6_retrieval/check_trace_net_route_unresolved_retry_probe_v1_quality.py
scripts/maintenance/benchmark/check_trace_net_route_validator_runner_v1_quality.py	scripts/maintenance/s6_retrieval/check_trace_net_route_validator_runner_v1_quality.py
scripts/maintenance/benchmark/check_trace_net_search_group_quality.py	scripts/maintenance/s6_retrieval/check_trace_net_search_group_quality.py
scripts/maintenance/benchmark/check_trace_net_table_exact_search_adapter_v1_quality.py	scripts/maintenance/s6_retrieval/check_trace_net_table_exact_search_adapter_v1_quality.py
scripts/maintenance/context/check_trace_net_v2_summary_guidance_index_v1.py	scripts/maintenance/s6_retrieval/check_trace_net_v2_summary_guidance_index_v1.py
scripts/maintenance/context/check_trace_net_v3_page_intelligence_cards_v1_quality.py	scripts/maintenance/s6_retrieval/check_trace_net_v3_page_intelligence_cards_v1_quality.py
scripts/maintenance/benchmark/check_trace_net_weighted_search_calibration_quality.py	scripts/maintenance/s6_retrieval/check_trace_net_weighted_search_calibration_quality.py
scripts/maintenance/benchmark/check_trace_net_weighted_search_quality.py	scripts/maintenance/s6_retrieval/check_trace_net_weighted_search_quality.py
scripts/maintenance/context/inspect_page_contexts.py	scripts/maintenance/s6_retrieval/inspect_page_contexts.py
scripts/maintenance/benchmark/check_trace_net_artifact_dirty_planner_v1_quality.py	scripts/maintenance/serving/check_trace_net_artifact_dirty_planner_v1_quality.py
scripts/maintenance/benchmark/check_trace_net_ask_api_final_return_policy_v21_quality.py	scripts/maintenance/serving/check_trace_net_ask_api_final_return_policy_v21_quality.py
scripts/maintenance/benchmark/check_trace_net_ask_api_hybrid_v3_routing_v1_quality.py	scripts/maintenance/serving/check_trace_net_ask_api_hybrid_v3_routing_v1_quality.py
scripts/maintenance/benchmark/check_trace_net_ask_api_v1_quality.py	scripts/maintenance/serving/check_trace_net_ask_api_v1_quality.py
scripts/maintenance/graph/check_trace_net_category_aware_graph_ui_overlay_v1_quality.py	scripts/maintenance/serving/check_trace_net_category_aware_graph_ui_overlay_v1_quality.py
scripts/maintenance/visual/check_trace_net_e2e_image_visual_observer_route_v34_1_quality.py	scripts/maintenance/serving/check_trace_net_e2e_image_visual_observer_route_v34_1_quality.py
scripts/maintenance/visual/check_trace_net_e2e_image_visual_observer_route_v34_2_quality.py	scripts/maintenance/serving/check_trace_net_e2e_image_visual_observer_route_v34_2_quality.py
scripts/maintenance/visual/check_trace_net_e2e_image_visual_observer_route_v34_3_quality.py	scripts/maintenance/serving/check_trace_net_e2e_image_visual_observer_route_v34_3_quality.py
scripts/maintenance/visual/check_trace_net_e2e_image_visual_observer_route_v34_quality.py	scripts/maintenance/serving/check_trace_net_e2e_image_visual_observer_route_v34_quality.py
scripts/maintenance/benchmark/check_trace_net_e2e_live_deterministic_answer_planner_v28_quality.py	scripts/maintenance/serving/check_trace_net_e2e_live_deterministic_answer_planner_v28_quality.py
scripts/maintenance/validation/check_trace_net_e2e_live_dynamic_fallback_v16_quality.py	scripts/maintenance/serving/check_trace_net_e2e_live_dynamic_fallback_v16_quality.py
scripts/maintenance/writing/check_trace_net_e2e_live_gemma_answer_writer_endpoint_v32_quality.py	scripts/maintenance/serving/check_trace_net_e2e_live_gemma_answer_writer_endpoint_v32_quality.py
scripts/maintenance/writing/check_trace_net_e2e_live_gemma_answer_writer_endpoint_v33_quality.py	scripts/maintenance/serving/check_trace_net_e2e_live_gemma_answer_writer_endpoint_v33_quality.py
scripts/maintenance/benchmark/check_trace_net_e2e_live_llm_draft_adapter_v22_quality.py	scripts/maintenance/serving/check_trace_net_e2e_live_llm_draft_adapter_v22_quality.py
scripts/maintenance/benchmark/check_trace_net_e2e_live_orchestrator_stage_timing_fastpath_v27_quality.py	scripts/maintenance/serving/check_trace_net_e2e_live_orchestrator_stage_timing_fastpath_v27_quality.py
scripts/maintenance/benchmark/check_trace_net_e2e_live_query_pipeline_v15_quality.py	scripts/maintenance/serving/check_trace_net_e2e_live_query_pipeline_v15_quality.py
scripts/maintenance/benchmark/check_trace_net_e2e_local_endpoint_v1_quality.py	scripts/maintenance/serving/check_trace_net_e2e_local_endpoint_v1_quality.py
scripts/maintenance/benchmark/check_trace_net_graph_explorer_quality.py	scripts/maintenance/serving/check_trace_net_graph_explorer_quality.py
scripts/maintenance/benchmark/check_trace_net_graph_query_api_v1_1_quality.py	scripts/maintenance/serving/check_trace_net_graph_query_api_v1_1_quality.py
scripts/maintenance/graph/check_trace_net_graph_query_api_v1_quality.py	scripts/maintenance/serving/check_trace_net_graph_query_api_v1_quality.py
scripts/maintenance/graph/check_trace_net_graph_ui_community_overlay_v1_quality.py	scripts/maintenance/serving/check_trace_net_graph_ui_community_overlay_v1_quality.py
scripts/maintenance/benchmark/check_trace_net_it_operations_console_v1_quality.py	scripts/maintenance/serving/check_trace_net_it_operations_console_v1_quality.py
scripts/maintenance/context/check_trace_net_openwebui_page_context_bridge_v1_quality.py	scripts/maintenance/serving/check_trace_net_openwebui_page_context_bridge_v1_quality.py
scripts/maintenance/benchmark/check_trace_net_synthetic_incident_console_v1_quality.py	scripts/maintenance/serving/check_trace_net_synthetic_incident_console_v1_quality.py
scripts/maintenance/validation/check_trace_net_webui_self_rag_crag_bridge_v1_quality.py	scripts/maintenance/serving/check_trace_net_webui_self_rag_crag_bridge_v1_quality.py
scripts/maintenance/benchmark/check_trace_net_webui_visual_context_bridge_v1_quality.py	scripts/maintenance/serving/check_trace_net_webui_visual_context_bridge_v1_quality.py
scripts/maintenance/benchmark/check_api_adapter_quality.py	scripts/maintenance/validation/check_api_adapter_quality.py
scripts/maintenance/benchmark/check_api_contract_quality.py	scripts/maintenance/validation/check_api_contract_quality.py
scripts/maintenance/benchmark/check_page_contexts_v2_quality.py	scripts/maintenance/validation/check_page_contexts_v2_quality.py
scripts/maintenance/benchmark/check_pipeline_quality.py	scripts/maintenance/validation/check_pipeline_quality.py
scripts/maintenance/benchmark/check_source_package_quality.py	scripts/maintenance/validation/check_source_package_quality.py
scripts/maintenance/benchmark/check_trace_net_algorithm_policy_quality.py	scripts/maintenance/validation/check_trace_net_algorithm_policy_quality.py
scripts/maintenance/benchmark/check_trace_net_answer_claim_critic_v1_quality.py	scripts/maintenance/validation/check_trace_net_answer_claim_critic_v1_quality.py
scripts/maintenance/benchmark/check_trace_net_answer_context_engineering_pack_v1_quality.py	scripts/maintenance/validation/check_trace_net_answer_context_engineering_pack_v1_quality.py
scripts/maintenance/benchmark/check_trace_net_answer_quality.py	scripts/maintenance/validation/check_trace_net_answer_quality.py
scripts/maintenance/benchmark/check_trace_net_artifact_dependency_registry_v1_quality.py	scripts/maintenance/validation/check_trace_net_artifact_dependency_registry_v1_quality.py
scripts/maintenance/benchmark/check_trace_net_artifact_detector_v1_quality.py	scripts/maintenance/validation/check_trace_net_artifact_detector_v1_quality.py
scripts/maintenance/benchmark/check_trace_net_ask_api_final_return_policy_hybrid_v3_v22_quality.py	scripts/maintenance/validation/check_trace_net_ask_api_final_return_policy_hybrid_v3_v22_quality.py
scripts/maintenance/benchmark/check_trace_net_ask_hybrid_flag_v1_quality.py	scripts/maintenance/validation/check_trace_net_ask_hybrid_flag_v1_quality.py
scripts/maintenance/benchmark/check_trace_net_ask_quality.py	scripts/maintenance/validation/check_trace_net_ask_quality.py
scripts/maintenance/benchmark/check_trace_net_confidence_policy_quality.py	scripts/maintenance/validation/check_trace_net_confidence_policy_quality.py
scripts/maintenance/benchmark/check_trace_net_confidence_stage2_quality.py	scripts/maintenance/validation/check_trace_net_confidence_stage2_quality.py
scripts/maintenance/benchmark/check_trace_net_confidence_stage4_quality.py	scripts/maintenance/validation/check_trace_net_confidence_stage4_quality.py
scripts/maintenance/benchmark/check_trace_net_confidence_stage5_quality.py	scripts/maintenance/validation/check_trace_net_confidence_stage5_quality.py
scripts/maintenance/benchmark/check_trace_net_e2e_evidence_sufficiency_gate_v1_quality.py	scripts/maintenance/validation/check_trace_net_e2e_evidence_sufficiency_gate_v1_quality.py
scripts/maintenance/benchmark/check_trace_net_e2e_final_answer_gate_v13_quality.py	scripts/maintenance/validation/check_trace_net_e2e_final_answer_gate_v13_quality.py
scripts/maintenance/benchmark/check_trace_net_e2e_llm_assisted_query_planner_v17_quality.py	scripts/maintenance/validation/check_trace_net_e2e_llm_assisted_query_planner_v17_quality.py
scripts/maintenance/benchmark/check_trace_net_e2e_query_input_v1_quality.py	scripts/maintenance/validation/check_trace_net_e2e_query_input_v1_quality.py
scripts/maintenance/benchmark/check_trace_net_e2e_rag_demo_report_v1_quality.py	scripts/maintenance/validation/check_trace_net_e2e_rag_demo_report_v1_quality.py
scripts/maintenance/benchmark/check_trace_net_e2e_reasoned_response_draft_v12_quality.py	scripts/maintenance/validation/check_trace_net_e2e_reasoned_response_draft_v12_quality.py
scripts/maintenance/benchmark/check_trace_net_e2e_tool_usage_audit_v1_quality.py	scripts/maintenance/validation/check_trace_net_e2e_tool_usage_audit_v1_quality.py
scripts/maintenance/benchmark/check_trace_net_engineering_context_crag_retry_plan_v1_quality.py	scripts/maintenance/validation/check_trace_net_engineering_context_crag_retry_plan_v1_quality.py
scripts/maintenance/benchmark/check_trace_net_engineering_context_self_rag_check_v1_quality.py	scripts/maintenance/validation/check_trace_net_engineering_context_self_rag_check_v1_quality.py
scripts/maintenance/benchmark/check_trace_net_evidence_consensus_quality.py	scripts/maintenance/validation/check_trace_net_evidence_consensus_quality.py
scripts/maintenance/benchmark/check_trace_net_fast_chat_runner_v1_quality.py	scripts/maintenance/validation/check_trace_net_fast_chat_runner_v1_quality.py
scripts/maintenance/feedback/check_trace_net_feedback_ask_simulation_quality.py	scripts/maintenance/validation/check_trace_net_feedback_ask_simulation_quality.py
scripts/maintenance/feedback/check_trace_net_feedback_quality.py	scripts/maintenance/validation/check_trace_net_feedback_quality.py
scripts/maintenance/benchmark/check_trace_net_final_answer_gate_v1_quality.py	scripts/maintenance/validation/check_trace_net_final_answer_gate_v1_quality.py
scripts/maintenance/benchmark/check_trace_net_four_route_storage_gate_v1_quality.py	scripts/maintenance/validation/check_trace_net_four_route_storage_gate_v1_quality.py
scripts/maintenance/benchmark/check_trace_net_gold_label_review_workbook_v1_quality.py	scripts/maintenance/validation/check_trace_net_gold_label_review_workbook_v1_quality.py
scripts/maintenance/engram/check_trace_net_h30_final_engram_rollout_v1.py	scripts/maintenance/validation/check_trace_net_h30_final_engram_rollout_v1.py
scripts/maintenance/ingestion/check_trace_net_h30_phase4_5_7_followup_duplicate_guard_v1.py	scripts/maintenance/validation/check_trace_net_h30_phase4_5_7_followup_duplicate_guard_v1.py
scripts/maintenance/core/check_trace_net_h30_phase4_5_8_first38_discovery_contract_v1.py	scripts/maintenance/validation/check_trace_net_h30_phase4_5_8_first38_discovery_contract_v1.py
scripts/maintenance/core/check_trace_net_h35_custom_task_contract_runner_v1.py	scripts/maintenance/validation/check_trace_net_h35_custom_task_contract_runner_v1.py
scripts/maintenance/ingestion/check_trace_net_h37_diversity_evidence_planner_v1.py	scripts/maintenance/validation/check_trace_net_h37_diversity_evidence_planner_v1.py
scripts/maintenance/ingestion/check_trace_net_h38_diversity_task_runner_v1.py	scripts/maintenance/validation/check_trace_net_h38_diversity_task_runner_v1.py
scripts/maintenance/benchmark/check_trace_net_human_review_decisions_v1_quality.py	scripts/maintenance/validation/check_trace_net_human_review_decisions_v1_quality.py
scripts/maintenance/benchmark/check_trace_net_human_review_promotion_gate_v1_quality.py	scripts/maintenance/validation/check_trace_net_human_review_promotion_gate_v1_quality.py
scripts/maintenance/benchmark/check_trace_net_human_review_queue_table_geometry_integration_v1_quality.py	scripts/maintenance/validation/check_trace_net_human_review_queue_table_geometry_integration_v1_quality.py
scripts/maintenance/benchmark/check_trace_net_llm_graph_path_compliance_judge_v1_quality.py	scripts/maintenance/validation/check_trace_net_llm_graph_path_compliance_judge_v1_quality.py
scripts/maintenance/benchmark/check_trace_net_llm_graph_path_response_guard_v1_quality.py	scripts/maintenance/validation/check_trace_net_llm_graph_path_response_guard_v1_quality.py
scripts/maintenance/benchmark/check_trace_net_page_context_overlay_quality.py	scripts/maintenance/validation/check_trace_net_page_context_overlay_quality.py
scripts/maintenance/benchmark/check_trace_net_page_context_v2_quality.py	scripts/maintenance/validation/check_trace_net_page_context_v2_quality.py
scripts/maintenance/benchmark/check_trace_net_postgres_trust_authority_quality.py	scripts/maintenance/validation/check_trace_net_postgres_trust_authority_quality.py
scripts/maintenance/benchmark/check_trace_net_pre_algorithm_baseline_quality.py	scripts/maintenance/validation/check_trace_net_pre_algorithm_baseline_quality.py
scripts/maintenance/benchmark/check_trace_net_promotion_writeback_dry_run_v1_quality.py	scripts/maintenance/validation/check_trace_net_promotion_writeback_dry_run_v1_quality.py
scripts/maintenance/benchmark/check_trace_net_rag_eligibility_quality.py	scripts/maintenance/validation/check_trace_net_rag_eligibility_quality.py
scripts/maintenance/benchmark/check_trace_net_raw_to_answer_context_engineered_native_v1_quality.py	scripts/maintenance/validation/check_trace_net_raw_to_answer_context_engineered_native_v1_quality.py
scripts/maintenance/benchmark/check_trace_net_route_dispatch_coverage_audit_v1_quality.py	scripts/maintenance/validation/check_trace_net_route_dispatch_coverage_audit_v1_quality.py
scripts/maintenance/benchmark/check_trace_net_route_dispatch_manifest_v1_quality.py	scripts/maintenance/validation/check_trace_net_route_dispatch_manifest_v1_quality.py
scripts/maintenance/core/check_trace_net_route_dispatch_processor_contract_v1_quality.py	scripts/maintenance/validation/check_trace_net_route_dispatch_processor_contract_v1_quality.py
scripts/maintenance/benchmark/check_trace_net_route_dispatch_warning_triage_v1_quality.py	scripts/maintenance/validation/check_trace_net_route_dispatch_warning_triage_v1_quality.py
scripts/maintenance/benchmark/check_trace_net_source_citation_quality.py	scripts/maintenance/validation/check_trace_net_source_citation_quality.py
scripts/maintenance/benchmark/check_trace_net_trust_authority_quality.py	scripts/maintenance/validation/check_trace_net_trust_authority_quality.py
scripts/maintenance/benchmark/check_trace_net_weights_policy_quality.py	scripts/maintenance/validation/check_trace_net_weights_policy_quality.py
scripts/maintenance/ingestion/record_trace_net_human_review_decision_v1.py	scripts/maintenance/validation/record_trace_net_human_review_decision_v1.py
scripts/maintenance/serving/refresh_api_adapter_quality_summary.py	scripts/maintenance/validation/refresh_api_adapter_quality_summary.py
scripts/maintenance/serving/refresh_api_contract_quality_summary.py	scripts/maintenance/validation/refresh_api_contract_quality_summary.py
scripts/maintenance/ingestion/refresh_source_package_quality_summary.py	scripts/maintenance/validation/refresh_source_package_quality_summary.py
scripts/maintenance/ingestion/audit_page_image_recognition.py	scripts/maintenance/visual/audit_page_image_recognition.py
scripts/maintenance/ingestion/check_page_image_recognition_quality.py	scripts/maintenance/visual/check_page_image_recognition_quality.py
scripts/maintenance/benchmark/check_page_visual_object_quality.py	scripts/maintenance/visual/check_page_visual_object_quality.py
scripts/maintenance/benchmark/check_trace_net_e2e_corrected_visual_context_builder_v35_4_quality.py	scripts/maintenance/visual/check_trace_net_e2e_corrected_visual_context_builder_v35_4_quality.py
scripts/maintenance/benchmark/check_trace_net_e2e_route_brain_image_page_audit_v35_1_quality.py	scripts/maintenance/visual/check_trace_net_e2e_route_brain_image_page_audit_v35_1_quality.py
scripts/maintenance/benchmark/check_trace_net_figure_chart_understanding_v1_quality.py	scripts/maintenance/visual/check_trace_net_figure_chart_understanding_v1_quality.py
scripts/maintenance/benchmark/check_trace_net_figure_item_fast_answer_composer_v1_quality.py	scripts/maintenance/visual/check_trace_net_figure_item_fast_answer_composer_v1_quality.py
scripts/maintenance/benchmark/check_trace_net_human_review_queue_v1_quality.py	scripts/maintenance/visual/check_trace_net_human_review_queue_v1_quality.py
scripts/maintenance/benchmark/check_trace_net_vision_model_pilot_v1_quality.py	scripts/maintenance/visual/check_trace_net_vision_model_pilot_v1_quality.py
scripts/maintenance/benchmark/check_trace_net_visual_ink_layout_calibrator_v1_quality.py	scripts/maintenance/visual/check_trace_net_visual_ink_layout_calibrator_v1_quality.py
scripts/maintenance/benchmark/check_visual_text_clean_quality.py	scripts/maintenance/visual/check_visual_text_clean_quality.py
scripts/maintenance/benchmark/check_trace_net_citation_answer_draft_v1_quality.py	scripts/maintenance/writing/check_trace_net_citation_answer_draft_v1_quality.py
scripts/maintenance/ingestion/check_trace_net_engineering_answer_composer_v1.py	scripts/maintenance/writing/check_trace_net_engineering_answer_composer_v1.py
scripts/maintenance/ingestion/check_trace_net_engineering_answer_runner_v1.py	scripts/maintenance/writing/check_trace_net_engineering_answer_runner_v1.py
scripts/maintenance/benchmark/check_trace_net_engineering_gemma_draft_adapter_v1_quality.py	scripts/maintenance/writing/check_trace_net_engineering_gemma_draft_adapter_v1_quality.py
scripts/maintenance/benchmark/check_trace_net_engineering_gemma_draft_retry_prompt_v1_quality.py	scripts/maintenance/writing/check_trace_net_engineering_gemma_draft_retry_prompt_v1_quality.py
scripts/maintenance/benchmark/check_trace_net_engineering_gemma_draft_runner_v1_quality.py	scripts/maintenance/writing/check_trace_net_engineering_gemma_draft_runner_v1_quality.py
scripts/maintenance/ingestion/check_trace_net_engineering_intent_answer_composer_v1.py	scripts/maintenance/writing/check_trace_net_engineering_intent_answer_composer_v1.py
scripts/maintenance/benchmark/check_trace_net_engineering_question_orchestrator_v1_quality.py	scripts/maintenance/writing/check_trace_net_engineering_question_orchestrator_v1_quality.py
scripts/maintenance/benchmark/check_trace_net_engineering_reasoning_kernel_v1_quality.py	scripts/maintenance/writing/check_trace_net_engineering_reasoning_kernel_v1_quality.py
scripts/maintenance/benchmark/check_trace_net_fast_answer_composer_v1_quality.py	scripts/maintenance/writing/check_trace_net_fast_answer_composer_v1_quality.py
scripts/maintenance/visual/check_trace_net_h30_evidence_aware_answer_modes_v1.py	scripts/maintenance/writing/check_trace_net_h30_evidence_aware_answer_modes_v1.py
scripts/maintenance/benchmark/check_trace_net_part_family_fast_answer_composer_v1_quality.py	scripts/maintenance/writing/check_trace_net_part_family_fast_answer_composer_v1_quality.py
scripts/maintenance/benchmark/check_trace_net_v2_gemma_summary_sample_runner_v1_quality.py	scripts/maintenance/writing/check_trace_net_v2_gemma_summary_sample_runner_v1_quality.py
scripts/operations/run_trace_net_cleanup_repairs.py	scripts/operations/core/run_trace_net_cleanup_repairs.py
scripts/operations/run_trace_net_runtime_hybrid_v3_v22.py	scripts/operations/core/run_trace_net_runtime_hybrid_v3_v22.py
scripts/operations/serving/serve_tiff_rag_ui.py	scripts/operations/ingestion/serve_tiff_rag_ui.py
scripts/operations/ocr/run_ocr_pilot.py	scripts/operations/s2_ocr/run_ocr_pilot.py
scripts/operations/ocr/run_trace_net_paddleocr_table_experiment.py	scripts/operations/s2_ocr/run_trace_net_paddleocr_table_experiment.py
scripts/operations/tables/run_trace_net_table_route_value_audit_lep_v4_preset_v1.py	scripts/operations/s2_ocr/run_trace_net_table_route_value_audit_lep_v4_preset_v1.py
scripts/operations/tables/run_trace_net_table_tile_text.py	scripts/operations/s2_ocr/run_trace_net_table_tile_text.py
scripts/operations/tables/run_trace_net_table_tiles.py	scripts/operations/s2_ocr/run_trace_net_table_tiles.py
scripts/operations/graph/init_trace_net_postgres.py	scripts/operations/s3_graph_store/init_trace_net_postgres.py
scripts/operations/load_trace_net_postgres.py	scripts/operations/s3_graph_store/load_trace_net_postgres.py
scripts/operations/load_trace_net_postgres_context_overlay.py	scripts/operations/s3_graph_store/load_trace_net_postgres_context_overlay.py
scripts/operations/graph/promote_trace_net_nha_phase9_release_v1.py	scripts/operations/s3_graph_store/promote_trace_net_nha_phase9_release_v1.py
scripts/operations/graph/run_trace_net_nha_phase7_8_gate_v1.py	scripts/operations/s3_graph_store/run_trace_net_nha_phase7_8_gate_v1.py
scripts/operations/serving/serve_trace_net_e2e_live_relationship_synthesis_planner_v29.py	scripts/operations/s3_graph_store/serve_trace_net_e2e_live_relationship_synthesis_planner_v29.py
scripts/operations/serving/serve_trace_net_nha_phase12_release_proxy_v1.py	scripts/operations/s3_graph_store/serve_trace_net_nha_phase12_release_proxy_v1.py
scripts/operations/serving/serve_trace_net_nha_phase16_gemma_proxy_v1.py	scripts/operations/s3_graph_store/serve_trace_net_nha_phase16_gemma_proxy_v1.py
scripts/operations/serving/serve_trace_net_nha_phase8_gated_proxy_v1.py	scripts/operations/s3_graph_store/serve_trace_net_nha_phase8_gated_proxy_v1.py
scripts/operations/embeddings/load_trace_net_qdrant_embeddings_v1.py	scripts/operations/s4_embed/load_trace_net_qdrant_embeddings_v1.py
scripts/operations/engram/select_trace_net_engram_skills_v1.py	scripts/operations/s5_engram/select_trace_net_engram_skills_v1.py
scripts/operations/context/load_trace_net_page_context_overlay.py	scripts/operations/s6_retrieval/load_trace_net_page_context_overlay.py
scripts/operations/retrieval/run_trace_net_opensearch_live_loader_v1.py	scripts/operations/s6_retrieval/run_trace_net_opensearch_live_loader_v1.py
scripts/operations/ingestion/search_tiffs.py	scripts/operations/s6_retrieval/search_tiffs.py
scripts/operations/embeddings/search_trace_net_rag_candidates.py	scripts/operations/s6_retrieval/search_trace_net_rag_candidates.py
scripts/operations/serving/serve_tiff_search_ui.py	scripts/operations/s6_retrieval/serve_tiff_search_ui.py
scripts/operations/router/serve_trace_net_cognitive_router_v1.py	scripts/operations/s6_retrieval/serve_trace_net_cognitive_router_v1.py
scripts/operations/router/serve_trace_net_e2e_relationship_router_hardening_v29_1.py	scripts/operations/s6_retrieval/serve_trace_net_e2e_relationship_router_hardening_v29_1.py
scripts/operations/serving/serve_trace_net_openwebui_unified_rag_v2.py	scripts/operations/s6_retrieval/serve_trace_net_openwebui_unified_rag_v2.py
scripts/operations/feedback/simulate_trace_net_feedback_search.py	scripts/operations/s6_retrieval/simulate_trace_net_feedback_search.py
scripts/operations/ingestion/simulate_trace_net_weighted_search.py	scripts/operations/s6_retrieval/simulate_trace_net_weighted_search.py
scripts/operations/graph/init_trace_net_synthetic_incident_console_postgres_v1.py	scripts/operations/serving/init_trace_net_synthetic_incident_console_postgres_v1.py
scripts/operations/router/run_trace_net_ask_api_hybrid_v3_routing_v1.py	scripts/operations/serving/run_trace_net_ask_api_hybrid_v3_routing_v1.py
scripts/operations/graph/run_trace_net_graph_query_api_v1.py	scripts/operations/serving/run_trace_net_graph_query_api_v1.py
scripts/operations/graph/run_trace_net_graph_query_api_v1_1.py	scripts/operations/serving/run_trace_net_graph_query_api_v1_1.py
scripts/operations/feedback/run_trace_net_synthetic_incident_console_v1.py	scripts/operations/serving/run_trace_net_synthetic_incident_console_v1.py
scripts/operations/visual/serve_trace_net_e2e_image_visual_observer_route_v34.py	scripts/operations/serving/serve_trace_net_e2e_image_visual_observer_route_v34.py
scripts/operations/visual/serve_trace_net_e2e_image_visual_observer_route_v34_1.py	scripts/operations/serving/serve_trace_net_e2e_image_visual_observer_route_v34_1.py
scripts/operations/visual/serve_trace_net_e2e_image_visual_observer_route_v34_2.py	scripts/operations/serving/serve_trace_net_e2e_image_visual_observer_route_v34_2.py
scripts/operations/visual/serve_trace_net_e2e_image_visual_observer_route_v34_3.py	scripts/operations/serving/serve_trace_net_e2e_image_visual_observer_route_v34_3.py
scripts/operations/writing/serve_trace_net_e2e_live_gemma_answer_writer_endpoint_v32.py	scripts/operations/serving/serve_trace_net_e2e_live_gemma_answer_writer_endpoint_v32.py
scripts/operations/writing/serve_trace_net_e2e_live_gemma_answer_writer_endpoint_v33.py	scripts/operations/serving/serve_trace_net_e2e_live_gemma_answer_writer_endpoint_v33.py
scripts/operations/visual/serve_trace_net_image_route_openwebui_endpoint_v1.py	scripts/operations/serving/serve_trace_net_image_route_openwebui_endpoint_v1.py
scripts/operations/ingestion/run_trace_net_ask_hybrid_flag_v1.py	scripts/operations/validation/run_trace_net_ask_hybrid_flag_v1.py
scripts/operations/ingestion/run_trace_net_e2e_codebase_checklist_v1.py	scripts/operations/validation/run_trace_net_e2e_codebase_checklist_v1.py
scripts/operations/ingestion/run_trace_net_executive_tiff_demo_v4.py	scripts/operations/validation/run_trace_net_executive_tiff_demo_v4.py
scripts/operations/ingestion/run_trace_net_fast_chat_runner_v1.py	scripts/operations/validation/run_trace_net_fast_chat_runner_v1.py
scripts/operations/ingestion/run_trace_net_h33_full30_with_progress_v1.py	scripts/operations/validation/run_trace_net_h33_full30_with_progress_v1.py
scripts/operations/ingestion/run_trace_net_h34b_custom5_progress_v1.py	scripts/operations/validation/run_trace_net_h34b_custom5_progress_v1.py
scripts/operations/core/run_trace_net_h35_custom_task_contract_runner_v1.py	scripts/operations/validation/run_trace_net_h35_custom_task_contract_runner_v1.py
scripts/operations/ingestion/run_trace_net_h38_diversity_task_runner_v1.py	scripts/operations/validation/run_trace_net_h38_diversity_task_runner_v1.py
scripts/operations/ingestion/run_trace_net_raw_to_answer_context_engineered_native_v1.py	scripts/operations/validation/run_trace_net_raw_to_answer_context_engineered_native_v1.py
scripts/operations/ingestion/compose_trace_net_answer.py	scripts/operations/writing/compose_trace_net_answer.py
scripts/operations/ingestion/run_trace_net_engineering_question_v1.py	scripts/operations/writing/run_trace_net_engineering_question_v1.py
scripts/operations/serving/serve_trace_net_full_gemma_cognitive_v1.py	scripts/operations/writing/serve_trace_net_full_gemma_cognitive_v1.py