citation_label,page_id,page_number,route,context_role,enriched_context_role,retrieval_score,targets,query_part_numbers,matched_query_part_number,direct_text_match,enriched_excerpt_source,enriched_excerpt,enriched_excerpt_char_count,lineage_ready,source_member,raw_tiff_reference,source_image_sha256,answer_permission,can_answer_directly,can_prove_claims,source_truth_mutation_allowed,dry_run_only,human_review_required,manual_review_required,unsafe_record,enrichment_warnings,enrichment_status
E1,t_p_120_1176_p000005,5,table,direct_evidence_candidate,direct_exact_match_candidate,100.0,"[""opensearch"", ""postgres_graph"", ""qdrant""]","[""120-29073-001""]",,False,ocr_route_scan_pack,"-<€ EMBRAER

MAINTENANCE MANUAL WITH

ILLUSTRATED PARTS LIST

CHAPTER CHAPTER

SECTION SECTION

SUBJECT PAGE DATE SUBJECT PAGE DATE

25 - Title - Apr 10/06 25-21-00 607 Sep 30/98

25-LEP * 1 Apr 10/06 25-21-00 608 Sep 30/98

25-LEP * 2 Apr 10/06 25-21-00 609 Sep 30/98

25-LEP * 3 Apr 10/06 25-21-00 610 Sep 30/98

25-LEP * 4 Apr 10/06 25-21-00 611 Sep 30/98

25-LEP * 5 Apr 10/06 25-21-00 612 Sep 30/98

25-LEP * 6 Apr 10/06 25-21-00 613 Jan 15/01

25-LEP * 7 Apr 10/06 25-21-00 614 Jan 15/01

25- LEP * 8 blank Apr 10/06 25-21-00 615 Sep 30/98

25 - Contents 1 Sep 30/98 25-21-00 616 Sep 30/98

25 - Contents 2 blank Sep 30/98 25-21-00 617 Sep 30/98

25 - Applicability Jan 15/01 25-21-00 618 Sep 30/98

25 - Applicability ii blank Jan 15/01 25-21-00 619 Sep 30/98

25 - Introduction 1 Sep 30/98 25-21-00 620 Sep 30/98

25 - Introduction 2 blank Sep 30/98 25-21-00 621 Sep 30/98

25-21-00 1 Sep 30/98 25-21-00 622 Sep 30/98

25-21-00 2 Sep 30/98 25-21-00 623 Sep 30/98

25-21-00 3 Sep 30/98 25-21-00 624 Sep 30/98

25-21-00 4 Sep 30/98 25-21-00 625 Sep 30/98

25-21-00 5 Sep 30/98 25-21-00 626 Sep 30/98

25-21-00 6 blank Sep 30/98 25-21-00 627 Sep 30/98

25-21-00 101 Sep 30/98 25-21-00 628 Sep 30",1200,True,00000005.tif,00000005.tif,8980a6e91d7cc2f40a8510315d8610595243d7033621c00bdaec782a41aa1e7b,False,False,False,False,True,False,False,False,"[""direct_evidence_not_text_proven""]",PASS
E2,t_p_120_1176_p000045,45,table,similar_table_evidence,nearby_or_similar_table_evidence,100.0,"[""opensearch"", ""postgres_graph"", ""qdrant""]","[""120-29073-001""]",,False,ocr_route_scan_pack,"-< EMBRAER

MAINTENANCE MANUAL WITH

ILLUSTRATED PARTS LIST

[ cwsacowra| nafs fesse | [nsec] nese [Rie

PER STOCK PER STOCK

CH-SEC-UN-FIG | ITEM] ASSY NUMBER CH-SEC-UN-FIG | ITEM] ASSY NUMBER

120-40636-001 120-40796-001

25-21-00-52 170 3 25-21-00-19 230 1

25-21-00-53 220 3 25-21 -00-24 180 1

25-21-00-54 190 3 25-21-00-25 200 1

25-21-00-55 190 3 25-21 -00-26 190 1

25-21-00-76 170 3 25-21-00-27 230 1

| 25-21-00-76A| 1/0 3 25-21 -00-28 200 1

25-21-00-78 150 3 25-21-00-57 210

120-40636-003 25-21 -00-62 180 1

25-21-00-03 160 1 25-21 -00-63 210 1

25-21-00-05 170 1 25-21 -00-64 220 1

| 25-21-00-05A]} 220 1 25-21-00-65 210 1

25-21-00-15 170 1 25-21 -00-66 190 1

120-40795-001 120-40796-003

25-21-00-18 -191 1 25-21-00-18 200 1

25-21-00-19 -221 1 25-21-00-19 -231 1

25-21-00-21 190 1 25-21",807,True,00000045.tif,00000045.tif,53cdcd406800ffd8f8c7f062ababe097a6126caa647f8522e563a824f52d46ef,False,False,False,False,True,False,False,False,[],PASS
E3,t_p_120_1176_p000055,55,table,similar_table_evidence,nearby_or_similar_table_evidence,100.0,"[""opensearch"", ""postgres_graph"", ""qdrant""]","[""120-29073-001""]",,False,ocr_route_scan_pack,"€ emennce

MAINTENANCE MANUAL WITH

ILLUSTRATED PARTS LIST

PART NUMBER UNITS AIRLINE PART NUMBER UNITS AIRLINE

PER STOCK PER STOCK

CH-SEC-UN-FIG ITEM) ASSY NUMBER CH-SEC-UN-FIG | ITEM] ASSY NUMBER

120-48023-001 120-48024-001

25-21-00-81 -11 1

25-21-00-81 150 1 25-21-00-99 195 1

25-21-00-83 150 1 25-21-00-100] 195 1

25-21-00-84 -11 1 25-21-00-103 195 1

25-21-00-84 150 1 25-21-00-104 195 1

25-21-00-85 -11 1 25-21-00-105 195 1

25-21-00-85 150 1 25-21-00-106] 195 1

25-21-00-86 130 1 120-49362-001

25-21-00-88 190 1 25-21-00-06A 10 1

25-21-00-89 190 1 25-21-00-35A 10 2

25-21-00-90 -11 1 120-50674-001

25-21-00-90 190 1 25-21-00-67 90 1

25-21-00-93 190 1 25-21-00-68 90 1

25-21-00-94 -11 1 25-21-00-69 90 1

25-21-00-94 190 1 25-21-00-70 90 1

25-21-00-95 190 1 25-21-00-71 90 1

25-21-00-97 190",813,True,00000055.tif,00000055.tif,be1a6d7a948bf87c345c9f3bc171ce7de6ac33be440ab0bebe8005f081b6e5ef,False,False,False,False,True,False,False,False,[],PASS
E4,t_p_120_1176_p000065,65,table,similar_table_evidence,nearby_or_similar_table_evidence,100.0,"[""opensearch"", ""postgres_graph"", ""qdrant""]","[""120-29073-001""]",,False,ocr_route_scan_pack,"EM] ASSY NUMBER

AN960-6L AN960-8L

25-21-00-02A} 170 3 25-21-00-11 250 2

25-21-00-02A | -207 2 25-21-00-12 270 2

25-21-00-05A} 170 3 25-21-00-13 240 2

25-21-00-05A | -197 2 25-21-00-14 250 1

25-21-00-09 -196 2 25-21-00-15 240 2

25-21-00-10 -196 2 25-21-00-16 240 2

25-21-00-12 -196 2 25-21-00-39 300 3

25-21-00-13 -156 2 25-21-00-40 280 3

25-21-00-14 -156 2 25-21-00-41 270 3

25-21-00-16 -156 2 25-21-00-42 290 3

25-21-00-39 -186 2 25-21-00-43 290 3

25-21-00-41 -186 2 25-21-00-44 280 2

| 25-21-00-42 -187 2

25-21-00-45 270 3 25-21-00-46 290 3

AN960-8 AN960C6

25-21-00-01 270 2 25-21-00-113 80 2

25-21-00-02 280 2 25-21-00-113 170 4

| 25-21-00-02A} 290 2 AN960-C8

25-21-00-03 240 2 25-21-00-06 260 2

| 25-21-00-04 280 2 25-21-00-06A] 220 2

25-21-00-05 230 2 25-21-00-07 270 1

| 25-21-00-08A} 280 2 25-21-00-08 230 2

25-21-00-29 290 3 25-21-00-17 -9 2

| 25-21-00-29A} 310 3 25-21-00-20 -9 2

25-21-00-30 280 2 25-21-00-110 60 2

| 25-21-00-30A} 270 2 25-21-00-110 120 4

25-21-00-31 270 3 25-21-00-111 70 4

| 25-21-00-31A} 290 3 25-21-00-112 120 4

25-21-00-32 290 3 25-21-00-113 140 2

25-21-00-33 290 3 AN960C3

25-21-00-34 270 3 25-21-00-06 160 3

| 25-21-00-35A | 230 3 25-21-00",1206,True,00000065.tif,00000065.tif,9e653b24af5bea3cdab6210cb3985630680286d970799032d5dd8f6cebfadbf8,False,False,False,False,True,False,False,False,[],PASS
E5,t_p_120_1176_p000075,75,table,similar_table_evidence,nearby_or_similar_table_evidence,100.0,"[""opensearch"", ""postgres_graph"", ""qdrant""]","[""120-29073-001""]",,False,ocr_route_scan_pack,"-191 1

25-21-00-41 250 3 25-21-00-90 10 1

25-21-00-42 270 3 25-21-00-91 10 1

25-21-00-43 270 3 25-21-00-91 160 1

25-21-00-44 260 3 25-21-00-92 10 1

25-21-00-92 190 1

25-21-00-45 250 3 25-21-00-93 10 1

25-21-00-46 270 3 25-21-00-94 10 1

25-21-00-47 270 3 25-21-00-95 10 1

25-21-00-48 240 3 25-21-00-95 -191 1

25-21-00-49 240 3 25-21-00-96 10 1

25-21-00-50 260 2 25-21-00-96 190 1

25-21-00-51 250 3 25-21-00-97 10 1

25-21-00-52 220 3 25-21-00-97 -191 1

25-21-00-53 270 3 25-21-00-98 10 1

25-21-00-54 240 3 25-21-00-98 -191 1

25-21-00-55 240 3 25-21-00-99 10 1

25-21-00-76 210 3 25-21-00-100 10 1

25-21-00-76A} 210 3 25-21-00-101 10 1

25-21-00-78 190 3 25-21-00-101 160 1

PE21052-2 25-21-00-102 10 1

25-21-00-79 10 1 25-21-00-102 190 1

25-21-00-79 140 1 25-21-00-103 10 1

25-21-00-80 10 1 25-21-00-103] -191 1

25-21-00-80 -151 1 25-21-00-104 10 1

25-21-00-81 10 1 25-21-00-105] -191 1

25-21-00-81 -151 1 25-21-00-105 10 1

25-21-00-82 10 1 25-21-00-106 10 1

25-21-00-82 130 1 PE21101-3-30TA

25-21-00-83 10 1 25-21-00-15 -91 1

25-21-00-83 -151 1 25-21-00-44 100 4

25-21-00-84 10 1 25-21-00-45 100 4

25-21-00-84 -151 1 25-21-00-46 100 4

25-21-00-85 10 1 25-21-00-47 100 4

25-21",1205,True,00000075.tif,00000075.tif,6cee623c93733cfafb8f8096590ce5ee89535c43db33fcfb57d88fc5eed7e300,False,False,False,False,True,False,False,False,[],PASS
E6,t_p_120_1176_p000085,85,table,similar_table_evidence,nearby_or_similar_table_evidence,100.0,"[""opensearch"", ""postgres_graph"", ""qdrant""]","[""120-29073-001""]",,False,ocr_route_scan_pack,"€& emenncr

MAINTENANCE MANUAL WITH

ILLUSTRATED PARTS LIST

AIRLINE EFF | UNITS

FIG. ITEM PART NUMBER STOCK aaa EODE. FROM PER

NUMBER TO ASSY

02 - | 120-41824-003 SINGLE PASSENGER SEAT ASSY ............ VS4956 A REF

- | 120-41824-503 SINGLE PASSENGER SEAT ASSY ............ VS4956 | 172/999} REF

1 |120-42660-001 . TABLE, SNACK FOLDING, ASSY

(SEE FIGURE 25-21-00-112)........000. VS4956 1

10 | 120-29067-021 . STRUCTURE, ASSY. (SEE FIGURE VS4956 A 1

25-21-00-81) occ cecccecseseseescsesesetevseseseseteees

-11 | 120-29067-031 . STRUCTURE, ASSY. (SEE FIGURE VS4956 | 172/999] 1

25-21-00-81) ooo cccc cece neeceeeeeseneaees

20 | 120-33774-001 . LINING ASSY., SEAT BOTTOM................ VS4956 1

30 | 120-42221-001 . LINING ASSY., SEAT BACKREST...........",766,True,00000085.tif,00000085.tif,107a00213b8870401e892812265b591de047ab379fd694679f3f04a2115e0b40,False,False,False,False,True,False,False,False,[],PASS
E7,t_p_120_1176_p000095,95,table,similar_table_evidence,nearby_or_similar_table_evidence,100.0,"[""opensearch"", ""postgres_graph"", ""qdrant""]","[""120-29073-001""]",,False,ocr_route_scan_pack,"€& emenncr

MAINTENANCE MANUAL WITH

ILLUSTRATED PARTS LIST

AIRLINE EFF | UNITS

FIG. ITEM| PARTNUMBER STOCK Maer EODE. FROM | PER

NUMBER TO ASSY

04 120-41824-005 SINGLE PASSENGER SEAT ASSY ............ VS4956 A REF

- | 120-41824-505 SINGLE PASSENGER SEAT ASSY ............ VS4956 | 172/999} REF

1 | 120-42660-001 . TABLE, SNACK FOLDING, ASSY

(SEE FIGURE 25-21-00-112) 0... VS4956 1

10 | 120-29067-025 . STRUCTURE, ASSY. (SEE FIGURE

25-21-00-84)... oo. ee eeeeeee eee eeeeeeeeeeeeeeeeees VS4956 A 1

-11 | 120-29067-035 . STRUCTURE, ASSY. (SEE FIGURE

25-21-00-84) ooo. eee cccceeeceeeeeeeeeeeeeees VS4956 | 172/999 1

20 | 120-33774-001 . LINING ASSY., SEAT BOTTOM................. VS4956 1

30 | 120-42221-001 . LINING ASSY., SEAT BACKREST............ VS4",765,True,00000095.tif,00000095.tif,54b2346051107a572f935aa3f05eab3c311fc239faf077a2e00119753ee5cc7d,False,False,False,False,True,False,False,False,[],PASS
E8,t_p_120_1176_p000105,105,table,similar_table_evidence,nearby_or_similar_table_evidence,100.0,"[""opensearch"", ""postgres_graph"", ""qdrant""]","[""120-29073-001""]",,False,ocr_route_scan_pack,"€& emenncr

MAINTENANCE MANUAL WITH

ILLUSTRATED PARTS LIST

AIRLINE EFF | UNITS

FIG. ITEM PART NUMBER STOCK Maer EODE. FROM PER

NUMBER TO ASSY

06 - | 120-61381-001 SINGLE PASSENGER SEAT ASSY ............ VS4956 | 304/999] REF

1 |120-61410-001 . TABLE, SNACK FOLDING, ASSY

(SEE FIGURE 25-21-00-113)........... VS4956 1

10 | 120-29067-029 . STRUCTURE, ASSY. (SEE FIGURE

25-21-00-80) ooo... ccc cc cece cececce ease eeeeeees VS4956 1

20 | 120-33774-001 . LINING ASSY., SEAT BOTTOM................ VS4956 1

30 | 120-42221-001 . LINING ASSY., SEAT BACKREST ............ VS4956 1

40 | 120-42070-001 . FOAM ASSY., SEAT BACKREST .............. VS4956 1

50 | 120-45726-001 . COVER, PLASTIC... eee VS4956 A 1

60 | PE915051-1-PT ~. SEAT BELT... 0... ccc cece cece c",767,True,00000105.tif,00000105.tif,d6b387f0d300288ce3109a81d79d8719d4620d2b300525643b57bc4e7a4095af,False,False,False,False,True,False,False,False,[],PASS
