anchor_role,anchor_status,answer_permission,can_answer_directly,can_prove_claims,citation_label,context_priority,excerpt,field_path,hit_class,human_review_required,manual_review_required,matched_part_number,module,opensearch_write_attempt,page_id,page_number,postgres_write_attempt,proof_role,proof_strength,qdrant_write_attempt,query_part_numbers,record_type,source_member,source_name,source_truth_mutation_allowed,unsafe_record,version,leiden_community_ids,anchor_aware_role,anchor_relation_type,anchor_context_priority,same_anchor_leiden_community,same_anchor_leiden_community_ids,anchor_aware_warnings
direct_exact_match_anchor,ANCHOR_INJECTED,False,False,False,E1,1000.0,"€ emenncn MAINTENANCE MANUAL WITH ILLUSTRATED PARTS LIST AIRLINE EFF | UNITS FIG. ITEM | PARTNUMBER STOCK vase EODE. FROM | PER NUMBER TO ASSY 79 - | 120-29067-001 STRUCTURE ASSY ......cccccccceceeeeeeeeeeeeees VS4956 A REF 1 | 120-29073-001 . STRUCTURE, LATERAL LEG. ................. VS4956 1 ATTACHING PARTS 10 | PE21052-2 W PIN, ATTACH............ccccceccseceeeeeeeeeeeeeseeennees 1 20 | 42952-10 / FITTING, ATTACH 0... ec cccecceeenteennees 1 -21 |42975-12 OCREW ccc cceneesetseeeeeeeeeeeeeeeennaes 1 -22 | 43392-10 OPRING Lo. cccccceeeeeteseeeeeeeeeeeeeeeenaes 1 30 | MS21042L5 NUT oo ccceeceeeeeeeesssesseeseeeseeseeeeeeeeeeeeees es 2 40 | AN960-516 Ae) | lp ee 2 50 | AN960-516L WASHER LL... cece cece eeeeeeeeeeeeeneeeenaes 2 60 | AN5-16A ial = | ©) Et ne 1 70 | 120-34291-001 . PROTECTOR, LUGGAGE............000000008 VS4",ocr_sample_text,trusted_ocr_text_hit,False,False,120-29073-001,trace_net_answer_context_anchor_injector_v1,False,t_p_120_1176_p000343,343,False,direct_exact_match_proven,direct_exact_proof,False,"[""120-29073-001""]",answer_context_anchor_record,00000343.tif,ocr_route_scan_pack,False,False,v1,"[""4"", ""tracenet_community_00004""]",direct_exact_match_anchor,exact_anchor,1000.0,True,"[""4"", ""tracenet_community_00004""]",[]
direct_exact_match_anchor,ANCHOR_INJECTED,False,False,False,E2,1000.0,"€ emenncn MAINTENANCE MANUAL WITH ILLUSTRATED PARTS LIST AIRLINE EFF | UNITS FIG. ITEM | PARTNUMBER STOCK vase EODE. FROM; PER NUMBER TO ASSY 80 - | 120-29067-019 STRUCTURE ASSY ......cccccceeeeeeeeeeeeeeeeees VS4956 A REF - | 120-29067-029 STRUCTURE ASSY ......cccccceeeeeeeeeeeeeeeeees VS4956 | 172/999] REF 1 | 120-29073-001 . STRUCTURE, LATERAL LEG ................ VS4956 A 1 -2 | 120-29073-005 . STRUCTURE, LATERAL LEG ...........0...... VS4956 | 172/999 1 ATTACHING PARTS 10 | PE21052-2 / PIN, ATTACH... ccccccceeetettteneeeeeeeees 049/301 1 -11 | 120-48023-001 / PIN, ATTACH... ccccccccenecseaeaeeeeeeeeeees VS4956 | 302/999 1 -15 | 120-61546-001 NC) ere VS4956 | 302/999 1 20 | 42952-10 ~ FITTING, ATTACH... ceceeeceeeeeeeeeeeeeees 1 -21 | 42975-12 OCREW. 2... ccccccccceeccececentttsseessaeeeeeeeeees 1 -22 | 43392-10 ARS) od 3d | C 1 30 |MS21042L5 NUT oo. cececeeeeeeesssssesseeeeeeseeseeeseeeeeeeeeeees 2",ocr_sample_text,trusted_ocr_text_hit,False,False,120-29073-001,trace_net_answer_context_anchor_injector_v1,False,t_p_120_1176_p000346,346,False,direct_exact_match_proven,direct_exact_proof,False,"[""120-29073-001""]",answer_context_anchor_record,00000346.tif,ocr_route_scan_pack,False,False,v1,"[""50"", ""tracenet_community_00050""]",direct_exact_match_anchor,exact_anchor,1000.0,True,"[""50"", ""tracenet_community_00050""]",[]
direct_exact_match_anchor,ANCHOR_INJECTED,False,False,False,E3,1000.0,"€ emenncn MAINTENANCE MANUAL WITH ILLUSTRATED PARTS LIST FIG. ITEM PART NUMBER ‘STOCK vase EODE. FROM PER NUMBER TO ASSY 81 - | 120-29067-003 STRUCTURE ASSY .........ccccccceeeeeeeeeeeeeas VS4956 A REF - | 120-29067-021 STRUCTURE ASSY .........ccccccceeeeeeeeeeeeeas VS4956 B REF - | 120-29067-031 STRUCTURE ASSY .........ccccccceeeeeeeeeeeeeas VS4956 | 172/999} REF 1 | 120-29073-001 . STRUCTURE, LATERAL LEG................ VS4956 C 1 -2 | 120-29073-005 . STRUCTURE, LATERAL LEG ................... VS4956 | 172/999 1 ATTACHING PARTS 10 | PE21052-2 PIN, ATTACH... ccc ccccceceeee eee eeeeeeeeeeeees D 1 -11 | 120-48023-001 PIN, ATTACH... cece ccccccceeeeeeaeeeneeaes VS4956 | 302/999 1 -15 | 120-61546-001 NC VS4956 | 302/999} 1 20 | 42952-10 ~ FITTING, ATTACH ..... 0... .cccc cece ee ee ee eeeaeees 1 -21 | 42975-12 SCREW... .cccccecessseeseesceeseesseeseeeeeeeeeeees 1 -22 | 43392-10 SPRING 2... .ccc cece ecec ee ececeeeeeaeeeeeeeeeeseaeees 1 30 | MS21042L5 NO 2 40 |",ocr_sample_text,trusted_ocr_text_hit,False,False,120-29073-001,trace_net_answer_context_anchor_injector_v1,False,t_p_120_1176_p000349,349,False,direct_exact_match_proven,direct_exact_proof,False,"[""120-29073-001""]",answer_context_anchor_record,00000349.tif,ocr_route_scan_pack,False,False,v1,"[""87"", ""tracenet_community_00087""]",direct_exact_match_anchor,exact_anchor,1000.0,True,"[""87"", ""tracenet_community_00087""]",[]
direct_exact_match_anchor,ANCHOR_INJECTED,False,False,False,E4,1000.0,"€ emenncn MAINTENANCE MANUAL WITH ILLUSTRATED PARTS LIST AIRLINE EFF | UNITS FIG. ITEM | PARTNUMBER STOCK vase EODE. FROM; PER NUMBER TO ASSY 82 - | 120-29067-005 STRUCTURE ASSY ......cccccceeeeeeeeeeeeeeeeees VS4956 A REF 1 | 120-29073-001 . STRUCTURE, LATERAL LEG ................ VS4956 1 ATTACHING PARTS 10 | PE21052-2 / PIN, ATTACH... cccccccccceentstttstseeeeeeeees 1 20 | 42952-10 . FITTING, ATTACH ....... cc. ccceeeecceeeeeeeeeeeeees 1 -21 | 42975-12 OCREW. 2... ccccccccceeccececentttsseessaeeeeeeeeees 1 -22 | 43392-10 ARS) od 3d | C 1 30 | MS21042L5 NUT oo. cececeeeeeeesssssesseeeeeeseeseeeseeeeeeeeeeees 2 40 | AN960-516 AVN) | =] 5 Ore 2 50 | AN960-516L AVN) | =] 5 2 60 | AN5-16A BOLT 000... ccccccccccsseceeeeceeeeceeeeeesssstsasssaueeeeeees 1 70 | 120-29067-011 . FBACKREST 1.0... cccccceeeteeenteeeeeeeeeees VS4",ocr_sample_text,trusted_ocr_text_hit,False,False,120-29073-001,trace_net_answer_context_anchor_injector_v1,False,t_p_120_1176_p000352,352,False,direct_exact_match_proven,direct_exact_proof,False,"[""120-29073-001""]",answer_context_anchor_record,00000352.tif,ocr_route_scan_pack,False,False,v1,"[""4"", ""tracenet_community_00004""]",direct_exact_match_anchor,exact_anchor,1000.0,True,"[""4"", ""tracenet_community_00004""]",[]
direct_exact_match_anchor,ANCHOR_INJECTED,False,False,False,E5,1000.0,"€ emenncn MAINTENANCE MANUAL WITH ILLUSTRATED PARTS LIST AIRLINE EFF | UNITS FIG. ITEM | PARTNUMBER STOCK vase EODE. FROM | PER NUMBER TO ASSY 83 - | 120-29067-023 STRUCTURE ASSY ......cccccccceceeeeeeeeeeeeees VS4956 A REF - | 120-29067-033 STRUCTURE ASSY ......cccccccceceeeeeeeeeeeeees VS4956 | 172/999] REF 1 | 120-29073-001 . STRUCTURE, LATERAL LEG............0064 VS4956 A 1 -2 | 120-29073-005 . STRUCTURE, LATERAL LEG ................... VS4956 | 172/999 1 ATTACHING PARTS 10 | PE21052-2 W PIN, ATTACH............ccccceccseceeeeeeeeeeeeeseeennees 1 20 | 42952-10 / FITTING, ATTACH 0... ec cccecceeenteennees 1 -21 |42975-12 OCREW ccc cceneesetseeeeeeeeeeeeeeeennaes 1 -22 | 43392-10 OPRING Lo. cccccceeeeeteseeeeeeeeeeeeeeeenaes 1 30 | MS21042L5 NUT uo. cccecceceeesesesttteeseesseeseeeeeeeeeeeeeee es 2 40 | AN960-516 Ae) | lp ee 2 50 | AN960-516L WASHER LL... cece cece eeeeeeeeeeeeeneeeenaes 2 60 | AN5-16A B",ocr_sample_text,trusted_ocr_text_hit,False,False,120-29073-001,trace_net_answer_context_anchor_injector_v1,False,t_p_120_1176_p000355,355,False,direct_exact_match_proven,direct_exact_proof,False,"[""120-29073-001""]",answer_context_anchor_record,00000355.tif,ocr_route_scan_pack,False,False,v1,"[""24"", ""tracenet_community_00024""]",direct_exact_match_anchor,exact_anchor,1000.0,True,"[""24"", ""tracenet_community_00024""]",[]
direct_exact_match_anchor,ANCHOR_INJECTED,False,False,False,E6,1000.0,"€ emenncn MAINTENANCE MANUAL WITH ILLUSTRATED PARTS LIST AIRLINE EFF | UNITS FIG. ITEM| PARTNUMBER | STOCK Meuse eODE. FROM | PER NUMBER TO ASSY 84 - | 120-29067-015 STRUCTURE ASSY ...0....eececcecerteeetereteees VS4956 A REF - | 120-29067-025 STRUCTURE ASSY ...0....eececcecerteeetereteees VS4956 B REF - | 120-29067-035 STRUCTURE ASSY ...00...eccceerreeretrerttees VS4956 | 172/999} REF 1 | 120-29073-001 . STRUCTURE, LATERAL LEG... VS4956 | 035/171 1 -2 | 120-29073-005 . STRUCTURE, LATERAL LEG... VS4956 | 172/999 1 ATTACHING PARTS 10 | PE21052-2 ~ PIN, ATTACH... 2. ececcececteeeeeeeeeseereenereeneees 035/301 1 -11 | 120-48023-001 / PIN, ATTACH... eee eeceeereeeeeereeceerterentreeenees VS4956 | 302/999 1 -15 | 120-61546-001 A | Oe VS4956 | 302/999 1 20 | 42952-10 -FIITTING, ATTACH 0... eeeceeeeeteeetentrerenes 1 -21 | 42975-12 OCREW. 2... eecccceeecceeeeeeeeseeeesnetetentterenees 1 -22 | 43392-10 OPRING 0. eccceeereeeeeeteeeneteeeetteeenneeeeens 1 30 |MS21042L5 NO 2",ocr_sample_text,trusted_ocr_text_hit,False,False,120-29073-001,trace_net_answer_context_anchor_injector_v1,False,t_p_120_1176_p000358,358,False,direct_exact_match_proven,direct_exact_proof,False,"[""120-29073-001""]",answer_context_anchor_record,00000358.tif,ocr_route_scan_pack,False,False,v1,"[""4"", ""tracenet_community_00004""]",direct_exact_match_anchor,exact_anchor,1000.0,True,"[""4"", ""tracenet_community_00004""]",[]
direct_exact_match_anchor,ANCHOR_INJECTED,False,False,False,E7,1000.0,"€ emenncn MAINTENANCE MANUAL WITH T.P. 120/1176 ILLUSTRATED PARTS LIST AIRLINE EFF | UNITS FIG. ITEM | PARTNUMBER STOCK vase EODE. FROM PER NUMBER TO ASSY 85 - | 120-29067-017 STRUCTURE ASSY.....0... cece VS4956 A REF - | 120-29067-027 STRUCTURE ASSY.....0... cece VS4956 B REF - | 120-29067-037 STRUCTURE ASSY....0... cece VS4956 | 172/999 REF 1 | 120-29073-001 . STRUCTURE, LATERAL LEG............. VS4956 | 035/171 1 -2 | 120-29073-005 . STRUCTURE, LATERAL LEG............. VS4956 | 172/333 1 -3 | 120-29073-007 . STRUCTURE, LATERAL LEG............. VS4956 | 334/999 1 ATTACHING PARTS 10 | PE21052-2 / PIN, ATTACH.........00.ccccccccecceeeeeeeeeeennes 035/301 1 -11 | 120-48023-001 / PIN, ATTACH. ..........cccccccceccceeeeeeeeeennnes VS4956 | 302/999 1 -15 | 120-61546-001 . NUT VS4956 | 302/999 1 20 | 42952-10 . FITTING, ATTACH........... cece 1 -21 | 42975-12 OCREW. 0... ccccceccccceeeeeeeeeeeeeeennes 1 -22 | 43392-10 OPRING....... ccc cccccccc",ocr_sample_text,trusted_ocr_text_hit,False,False,120-29073-001,trace_net_answer_context_anchor_injector_v1,False,t_p_120_1176_p000361,361,False,direct_exact_match_proven,direct_exact_proof,False,"[""120-29073-001""]",answer_context_anchor_record,00000361.tif,ocr_route_scan_pack,False,False,v1,"[""1"", ""tracenet_community_00001""]",direct_exact_match_anchor,exact_anchor,1000.0,True,"[""1"", ""tracenet_community_00001""]",[]
direct_exact_match_anchor,ANCHOR_INJECTED,False,False,False,E8,1000.0,"€ emenncn MAINTENANCE MANUAL WITH ILLUSTRATED PARTS LIST AIRLINE EFF | UNITS FIG. ITEM | PARTNUMBER STOCK ease eODE. FROM | PER NUMBER TO ASSY 86 - | 120-29067-007 STRUCTURE ASSY ........cccccceteeseeeeeeeees VS4956 A REF 1 | 120-29073-001 . STRUCTURE, LATERAL LEG...............0.... VS4956 1 ATTACHING PARTS 10 | PE21052-2 / PIN, ATTACH 20.0... ccccccceceecceeeeeeeeeeeeeeeeeees 1 20 | 42952-10 . FITTING, ATTACH ...........ccccceecceeceeeeeeeeeeee 1 -21 | 42975-12 OCREW. ooo cc ccccceenttteteseeeeeeeeeeeeeeenes 1 -22 | 43392-10 OPRING 0. ccccccceceeeseeenstseeeeeeeeeeeeeeees 1 30 |MS21042L5 NUT ooo eeeeeccceeceeeeeeeeeeeeeeeeeeeeseeeeeeeeaeeeeees 2 40 | AN960-516 VANS) a =] 5 rr 2 50 | AN960-516L ~ WASHER oc cccccccccerttteeeseeeeeeeeeeeeeees 2 60 | AN5-16A 5] O) Et ne ee 1 70 | 120-29067-011 ~. FBACKREST o.oo... cccee",ocr_sample_text,trusted_ocr_text_hit,False,False,120-29073-001,trace_net_answer_context_anchor_injector_v1,False,t_p_120_1176_p000364,364,False,direct_exact_match_proven,direct_exact_proof,False,"[""120-29073-001""]",answer_context_anchor_record,00000364.tif,ocr_route_scan_pack,False,False,v1,"[""4"", ""tracenet_community_00004""]",direct_exact_match_anchor,exact_anchor,1000.0,True,"[""4"", ""tracenet_community_00004""]",[]
exact_reference_anchor,ANCHOR_INJECTED,False,False,False,E10,650.0,120-29073-001,tesseract_attempts[0].part_number_tokens[16],trusted_metadata_hit,False,False,120-29073-001,trace_net_answer_context_anchor_injector_v1,False,t_p_120_1176_p000032,32,False,exact_metadata_candidate,exact_reference,False,"[""120-29073-001""]",answer_context_anchor_record,00000032.tif,ocr_route_scan_pack,False,False,v1,"[""28"", ""41"", ""tracenet_community_00028"", ""tracenet_community_00041""]",exact_reference_anchor,exact_reference,800.0,False,[],[]
exact_reference_anchor,ANCHOR_INJECTED,False,False,False,E11,650.0,120-29073-001,tesseract_attempts[1].part_number_tokens[15],trusted_metadata_hit,False,False,120-29073-001,trace_net_answer_context_anchor_injector_v1,False,t_p_120_1176_p000032,32,False,exact_metadata_candidate,exact_reference,False,"[""120-29073-001""]",answer_context_anchor_record,00000032.tif,ocr_route_scan_pack,False,False,v1,"[""28"", ""41"", ""tracenet_community_00028"", ""tracenet_community_00041""]",exact_reference_anchor,exact_reference,800.0,False,[],[]
exact_reference_anchor,ANCHOR_INJECTED,False,False,False,E12,650.0,120-29073-001,tesseract_attempts[2].part_number_tokens[15],trusted_metadata_hit,False,False,120-29073-001,trace_net_answer_context_anchor_injector_v1,False,t_p_120_1176_p000032,32,False,exact_metadata_candidate,exact_reference,False,"[""120-29073-001""]",answer_context_anchor_record,00000032.tif,ocr_route_scan_pack,False,False,v1,"[""28"", ""41"", ""tracenet_community_00028"", ""tracenet_community_00041""]",exact_reference_anchor,exact_reference,800.0,False,[],[]
exact_reference_anchor,ANCHOR_INJECTED,False,False,False,E13,650.0,120-29073-001,part_number_tokens[3],trusted_metadata_hit,False,False,120-29073-001,trace_net_answer_context_anchor_injector_v1,False,t_p_120_1176_p000343,343,False,exact_metadata_candidate,exact_reference,False,"[""120-29073-001""]",answer_context_anchor_record,00000343.tif,ocr_route_scan_pack,False,False,v1,"[""4"", ""tracenet_community_00004""]",exact_reference_anchor,exact_reference,800.0,True,"[""4"", ""tracenet_community_00004""]",[]
exact_reference_anchor,ANCHOR_INJECTED,False,False,False,E14,650.0,120-29073-001,tesseract_attempts[0].part_number_tokens[3],trusted_metadata_hit,False,False,120-29073-001,trace_net_answer_context_anchor_injector_v1,False,t_p_120_1176_p000343,343,False,exact_metadata_candidate,exact_reference,False,"[""120-29073-001""]",answer_context_anchor_record,00000343.tif,ocr_route_scan_pack,False,False,v1,"[""4"", ""tracenet_community_00004""]",exact_reference_anchor,exact_reference,800.0,True,"[""4"", ""tracenet_community_00004""]",[]
exact_reference_anchor,ANCHOR_INJECTED,False,False,False,E15,650.0,120-29073-001,tesseract_attempts[1].part_number_tokens[3],trusted_metadata_hit,False,False,120-29073-001,trace_net_answer_context_anchor_injector_v1,False,t_p_120_1176_p000343,343,False,exact_metadata_candidate,exact_reference,False,"[""120-29073-001""]",answer_context_anchor_record,00000343.tif,ocr_route_scan_pack,False,False,v1,"[""4"", ""tracenet_community_00004""]",exact_reference_anchor,exact_reference,800.0,True,"[""4"", ""tracenet_community_00004""]",[]
exact_reference_anchor,ANCHOR_INJECTED,False,False,False,E16,650.0,120-29073-001,tesseract_attempts[2].part_number_tokens[3],trusted_metadata_hit,False,False,120-29073-001,trace_net_answer_context_anchor_injector_v1,False,t_p_120_1176_p000343,343,False,exact_metadata_candidate,exact_reference,False,"[""120-29073-001""]",answer_context_anchor_record,00000343.tif,ocr_route_scan_pack,False,False,v1,"[""4"", ""tracenet_community_00004""]",exact_reference_anchor,exact_reference,800.0,True,"[""4"", ""tracenet_community_00004""]",[]
exact_reference_anchor,ANCHOR_INJECTED,False,False,False,E9,650.0,120-29073-001,part_number_tokens[16],trusted_metadata_hit,False,False,120-29073-001,trace_net_answer_context_anchor_injector_v1,False,t_p_120_1176_p000032,32,False,exact_metadata_candidate,exact_reference,False,"[""120-29073-001""]",answer_context_anchor_record,00000032.tif,ocr_route_scan_pack,False,False,v1,"[""28"", ""41"", ""tracenet_community_00028"", ""tracenet_community_00041""]",exact_reference_anchor,exact_reference,800.0,False,[],[]
family_variant_anchor,ANCHOR_INJECTED,False,False,False,E25,350.0,120-29073-005,part_number_tokens[3],family_variant_hit,False,False,120-29073-001,trace_net_answer_context_anchor_injector_v1,False,t_p_120_1176_p000346,346,False,nearby_or_related_part_family_candidate,related_variant,False,"[""120-29073-001""]",answer_context_anchor_record,00000346.tif,ocr_route_scan_pack,False,False,v1,"[""50"", ""tracenet_community_00050""]",same_anchor_community_variant,same_anchor_leiden_community_variant,700.0,True,"[""50"", ""tracenet_community_00050""]",[]
family_variant_anchor,ANCHOR_INJECTED,False,False,False,E26,350.0,120-29073-005,tesseract_attempts[0].part_number_tokens[3],family_variant_hit,False,False,120-29073-001,trace_net_answer_context_anchor_injector_v1,False,t_p_120_1176_p000346,346,False,nearby_or_related_part_family_candidate,related_variant,False,"[""120-29073-001""]",answer_context_anchor_record,00000346.tif,ocr_route_scan_pack,False,False,v1,"[""50"", ""tracenet_community_00050""]",same_anchor_community_variant,same_anchor_leiden_community_variant,700.0,True,"[""50"", ""tracenet_community_00050""]",[]
family_variant_anchor,ANCHOR_INJECTED,False,False,False,E27,350.0,120-29073-005,tesseract_attempts[1].part_number_tokens[3],family_variant_hit,False,False,120-29073-001,trace_net_answer_context_anchor_injector_v1,False,t_p_120_1176_p000346,346,False,nearby_or_related_part_family_candidate,related_variant,False,"[""120-29073-001""]",answer_context_anchor_record,00000346.tif,ocr_route_scan_pack,False,False,v1,"[""50"", ""tracenet_community_00050""]",same_anchor_community_variant,same_anchor_leiden_community_variant,700.0,True,"[""50"", ""tracenet_community_00050""]",[]
family_variant_anchor,ANCHOR_INJECTED,False,False,False,E28,350.0,120-29073-005,tesseract_attempts[2].part_number_tokens[2],family_variant_hit,False,False,120-29073-001,trace_net_answer_context_anchor_injector_v1,False,t_p_120_1176_p000346,346,False,nearby_or_related_part_family_candidate,related_variant,False,"[""120-29073-001""]",answer_context_anchor_record,00000346.tif,ocr_route_scan_pack,False,False,v1,"[""50"", ""tracenet_community_00050""]",same_anchor_community_variant,same_anchor_leiden_community_variant,700.0,True,"[""50"", ""tracenet_community_00050""]",[]
family_variant_anchor,ANCHOR_INJECTED,False,False,False,E17,350.0,120-29073-005,part_number_tokens[17],family_variant_hit,False,False,120-29073-001,trace_net_answer_context_anchor_injector_v1,False,t_p_120_1176_p000032,32,False,nearby_or_related_part_family_candidate,related_variant,False,"[""120-29073-001""]",answer_context_anchor_record,00000032.tif,ocr_route_scan_pack,False,False,v1,"[""28"", ""41"", ""tracenet_community_00028"", ""tracenet_community_00041""]",family_variant_anchor,part_family_variant,620.0,False,[],"[""family_variant_without_anchor_community""]"
family_variant_anchor,ANCHOR_INJECTED,False,False,False,E18,350.0,120-29073-007,part_number_tokens[18],family_variant_hit,False,False,120-29073-001,trace_net_answer_context_anchor_injector_v1,False,t_p_120_1176_p000032,32,False,nearby_or_related_part_family_candidate,related_variant,False,"[""120-29073-001""]",answer_context_anchor_record,00000032.tif,ocr_route_scan_pack,False,False,v1,"[""28"", ""41"", ""tracenet_community_00028"", ""tracenet_community_00041""]",family_variant_anchor,part_family_variant,620.0,False,[],"[""family_variant_without_anchor_community""]"
family_variant_anchor,ANCHOR_INJECTED,False,False,False,E19,350.0,120-29073-005,tesseract_attempts[0].part_number_tokens[17],family_variant_hit,False,False,120-29073-001,trace_net_answer_context_anchor_injector_v1,False,t_p_120_1176_p000032,32,False,nearby_or_related_part_family_candidate,related_variant,False,"[""120-29073-001""]",answer_context_anchor_record,00000032.tif,ocr_route_scan_pack,False,False,v1,"[""28"", ""41"", ""tracenet_community_00028"", ""tracenet_community_00041""]",family_variant_anchor,part_family_variant,620.0,False,[],"[""family_variant_without_anchor_community""]"
family_variant_anchor,ANCHOR_INJECTED,False,False,False,E20,350.0,120-29073-007,tesseract_attempts[0].part_number_tokens[18],family_variant_hit,False,False,120-29073-001,trace_net_answer_context_anchor_injector_v1,False,t_p_120_1176_p000032,32,False,nearby_or_related_part_family_candidate,related_variant,False,"[""120-29073-001""]",answer_context_anchor_record,00000032.tif,ocr_route_scan_pack,False,False,v1,"[""28"", ""41"", ""tracenet_community_00028"", ""tracenet_community_00041""]",family_variant_anchor,part_family_variant,620.0,False,[],"[""family_variant_without_anchor_community""]"
family_variant_anchor,ANCHOR_INJECTED,False,False,False,E21,350.0,120-29073-005,tesseract_attempts[1].part_number_tokens[16],family_variant_hit,False,False,120-29073-001,trace_net_answer_context_anchor_injector_v1,False,t_p_120_1176_p000032,32,False,nearby_or_related_part_family_candidate,related_variant,False,"[""120-29073-001""]",answer_context_anchor_record,00000032.tif,ocr_route_scan_pack,False,False,v1,"[""28"", ""41"", ""tracenet_community_00028"", ""tracenet_community_00041""]",family_variant_anchor,part_family_variant,620.0,False,[],"[""family_variant_without_anchor_community""]"
family_variant_anchor,ANCHOR_INJECTED,False,False,False,E22,350.0,120-29073-007,tesseract_attempts[1].part_number_tokens[17],family_variant_hit,False,False,120-29073-001,trace_net_answer_context_anchor_injector_v1,False,t_p_120_1176_p000032,32,False,nearby_or_related_part_family_candidate,related_variant,False,"[""120-29073-001""]",answer_context_anchor_record,00000032.tif,ocr_route_scan_pack,False,False,v1,"[""28"", ""41"", ""tracenet_community_00028"", ""tracenet_community_00041""]",family_variant_anchor,part_family_variant,620.0,False,[],"[""family_variant_without_anchor_community""]"
family_variant_anchor,ANCHOR_INJECTED,False,False,False,E23,350.0,120-29073-005,tesseract_attempts[2].part_number_tokens[16],family_variant_hit,False,False,120-29073-001,trace_net_answer_context_anchor_injector_v1,False,t_p_120_1176_p000032,32,False,nearby_or_related_part_family_candidate,related_variant,False,"[""120-29073-001""]",answer_context_anchor_record,00000032.tif,ocr_route_scan_pack,False,False,v1,"[""28"", ""41"", ""tracenet_community_00028"", ""tracenet_community_00041""]",family_variant_anchor,part_family_variant,620.0,False,[],"[""family_variant_without_anchor_community""]"
family_variant_anchor,ANCHOR_INJECTED,False,False,False,E24,350.0,120-29073-007,tesseract_attempts[2].part_number_tokens[17],family_variant_hit,False,False,120-29073-001,trace_net_answer_context_anchor_injector_v1,False,t_p_120_1176_p000032,32,False,nearby_or_related_part_family_candidate,related_variant,False,"[""120-29073-001""]",answer_context_anchor_record,00000032.tif,ocr_route_scan_pack,False,False,v1,"[""28"", ""41"", ""tracenet_community_00028"", ""tracenet_community_00041""]",family_variant_anchor,part_family_variant,620.0,False,[],"[""family_variant_without_anchor_community""]"
similar_table_candidate,RETAINED_SUPPORT_CONTEXT,False,False,False,E31,150.0,"€ emennce

MAINTENANCE MANUAL WITH

ILLUSTRATED PARTS LIST

PART NUMBER UNITS AIRLINE PART NUMBER UNITS AIRLINE

PER STOCK PER STOCK

CH-SEC-UN-FIG ITEM) ASSY NUMBER CH-SEC-UN-FIG | ITEM] ASSY NUMBER

120-48023-001 120-48024-001

25-21-00-81 -11 1

25-21-00-81 150 1 25-21-00-99 195 1

25-21-00-83 150 1 25-21-00-100] 195 1

25-21-00-84 -11 1 25-21-00-103 195 1

25-21-00-84 150 1 25-21-00-104 195 1

25-21-00-85 -11 1 25-21-00-105 195 1

25-21-00-85 150 1 25-21-00-106] 195 1

25-21-00-86 130 1 120-49362-001

25-21-00-88 190 1 25-21-00-06A 10 1

25-21-00-89 190 1 25-21-00-35A 10 2

25-21-00-90 -11 1 120-50674-001

25-21-00-90 190 1 25-21-00-67 90 1

25-21-00-93 190 1 25-21-00-68 90 1

25-21-00-94 -11 1 25-21-00-69 90 1

25-21-00-94 190 1 25-21-00-70 90 1

25-21-00-95 190 1 25-21-00-71 90 1

25-21-00-97 190",,,False,False,,trace_net_answer_context_anchor_injector_v1,False,t_p_120_1176_p000055,55,False,similar_table_candidate,weak_candidate,False,"[""120-29073-001""]",answer_context_anchor_record,00000055.tif,existing_context,False,False,v1,"[""1"", ""tracenet_community_00001""]",same_anchor_leiden_community_neighbor,same_anchor_leiden_community,560.0,True,"[""1"", ""tracenet_community_00001""]",[]
direct_exact_match_candidate,RETAINED_SUPPORT_CONTEXT,False,False,False,E29,150.0,"-<€ EMBRAER

MAINTENANCE MANUAL WITH

ILLUSTRATED PARTS LIST

CHAPTER CHAPTER

SECTION SECTION

SUBJECT PAGE DATE SUBJECT PAGE DATE

25 - Title - Apr 10/06 25-21-00 607 Sep 30/98

25-LEP * 1 Apr 10/06 25-21-00 608 Sep 30/98

25-LEP * 2 Apr 10/06 25-21-00 609 Sep 30/98

25-LEP * 3 Apr 10/06 25-21-00 610 Sep 30/98

25-LEP * 4 Apr 10/06 25-21-00 611 Sep 30/98

25-LEP * 5 Apr 10/06 25-21-00 612 Sep 30/98

25-LEP * 6 Apr 10/06 25-21-00 613 Jan 15/01

25-LEP * 7 Apr 10/06 25-21-00 614 Jan 15/01

25- LEP * 8 blank Apr 10/06 25-21-00 615 Sep 30/98

25 - Contents 1 Sep 30/98 25-21-00 616 Sep 30/98

25 - Contents 2 blank Sep 30/98 25-21-00 617 Sep 30/98

25 - Applicability Jan 15/01 25-21-00 618 Sep 30/98

25 - Applicability ii blank Jan 15/01 25-21-00 619 Sep 30/98

25 - Introduction 1 Sep 30/98 25-21-00 620 Sep 30/98

25 - Introduction 2 blank Sep 30/98 25-21-00 621 Sep 30/98

25-21-00 1 Sep 30/98 25-21-00 622 Sep 30/98

25-21-00 2 Sep 30/98 25-21-00 623 Sep 30/98

25-21-00 3 Sep 30/98 25-21-00 624 Sep 30/98

25-21-00 4 Sep 30/98 25-21-00 625 Sep 30/98

25-21-00 5 Sep 30/98 25-21-00 626 Sep 30/98

25-21-00 6 blank Sep 30/98 25-21-00 627 Sep 30/98

25-21-00 101 Sep 30/98 25-21-00 628 Sep 30",,,False,False,,trace_net_answer_context_anchor_injector_v1,False,t_p_120_1176_p000005,5,False,direct_exact_match_candidate,direct_candidate,False,"[""120-29073-001""]",answer_context_anchor_record,00000005.tif,existing_context,False,False,v1,"[""37"", ""tracenet_community_00037""]",superseded_direct_candidate,superseded_by_exact_anchors,240.0,False,[],"[""retained_old_direct_candidate_demoted_by_exact_anchors""]"
similar_table_candidate,RETAINED_SUPPORT_CONTEXT,False,False,False,E30,150.0,"-< EMBRAER

MAINTENANCE MANUAL WITH

ILLUSTRATED PARTS LIST

[ cwsacowra| nafs fesse | [nsec] nese [Rie

PER STOCK PER STOCK

CH-SEC-UN-FIG | ITEM] ASSY NUMBER CH-SEC-UN-FIG | ITEM] ASSY NUMBER

120-40636-001 120-40796-001

25-21-00-52 170 3 25-21-00-19 230 1

25-21-00-53 220 3 25-21 -00-24 180 1

25-21-00-54 190 3 25-21-00-25 200 1

25-21-00-55 190 3 25-21 -00-26 190 1

25-21-00-76 170 3 25-21-00-27 230 1

| 25-21-00-76A| 1/0 3 25-21 -00-28 200 1

25-21-00-78 150 3 25-21-00-57 210

120-40636-003 25-21 -00-62 180 1

25-21-00-03 160 1 25-21 -00-63 210 1

25-21-00-05 170 1 25-21 -00-64 220 1

| 25-21-00-05A]} 220 1 25-21-00-65 210 1

25-21-00-15 170 1 25-21 -00-66 190 1

120-40795-001 120-40796-003

25-21-00-18 -191 1 25-21-00-18 200 1

25-21-00-19 -221 1 25-21-00-19 -231 1

25-21-00-21 190 1 25-21",,,False,False,,trace_net_answer_context_anchor_injector_v1,False,t_p_120_1176_p000045,45,False,similar_table_candidate,weak_candidate,False,"[""120-29073-001""]",answer_context_anchor_record,00000045.tif,existing_context,False,False,v1,"[""2"", ""tracenet_community_00002""]",similar_table_candidate,retained_support_context,120.0,False,[],"[""no_anchor_graph_relation""]"
similar_table_candidate,RETAINED_SUPPORT_CONTEXT,False,False,False,E32,150.0,"EM] ASSY NUMBER

AN960-6L AN960-8L

25-21-00-02A} 170 3 25-21-00-11 250 2

25-21-00-02A | -207 2 25-21-00-12 270 2

25-21-00-05A} 170 3 25-21-00-13 240 2

25-21-00-05A | -197 2 25-21-00-14 250 1

25-21-00-09 -196 2 25-21-00-15 240 2

25-21-00-10 -196 2 25-21-00-16 240 2

25-21-00-12 -196 2 25-21-00-39 300 3

25-21-00-13 -156 2 25-21-00-40 280 3

25-21-00-14 -156 2 25-21-00-41 270 3

25-21-00-16 -156 2 25-21-00-42 290 3

25-21-00-39 -186 2 25-21-00-43 290 3

25-21-00-41 -186 2 25-21-00-44 280 2

| 25-21-00-42 -187 2

25-21-00-45 270 3 25-21-00-46 290 3

AN960-8 AN960C6

25-21-00-01 270 2 25-21-00-113 80 2

25-21-00-02 280 2 25-21-00-113 170 4

| 25-21-00-02A} 290 2 AN960-C8

25-21-00-03 240 2 25-21-00-06 260 2

| 25-21-00-04 280 2 25-21-00-06A] 220 2

25-21-00-05 230 2 25-21-00-07 270 1

| 25-21-00-08A} 280 2 25-21-00-08 230 2

25-21-00-29 290 3 25-21-00-17 -9 2

| 25-21-00-29A} 310 3 25-21-00-20 -9 2

25-21-00-30 280 2 25-21-00-110 60 2

| 25-21-00-30A} 270 2 25-21-00-110 120 4

25-21-00-31 270 3 25-21-00-111 70 4

| 25-21-00-31A} 290 3 25-21-00-112 120 4

25-21-00-32 290 3 25-21-00-113 140 2

25-21-00-33 290 3 AN960C3

25-21-00-34 270 3 25-21-00-06 160 3

| 25-21-00-35A | 230 3 25-21-00",,,False,False,,trace_net_answer_context_anchor_injector_v1,False,t_p_120_1176_p000065,65,False,similar_table_candidate,weak_candidate,False,"[""120-29073-001""]",answer_context_anchor_record,00000065.tif,existing_context,False,False,v1,"[""150"", ""tracenet_community_00150""]",similar_table_candidate,retained_support_context,120.0,False,[],"[""no_anchor_graph_relation""]"
similar_table_candidate,RETAINED_SUPPORT_CONTEXT,False,False,False,E33,150.0,"-191 1

25-21-00-41 250 3 25-21-00-90 10 1

25-21-00-42 270 3 25-21-00-91 10 1

25-21-00-43 270 3 25-21-00-91 160 1

25-21-00-44 260 3 25-21-00-92 10 1

25-21-00-92 190 1

25-21-00-45 250 3 25-21-00-93 10 1

25-21-00-46 270 3 25-21-00-94 10 1

25-21-00-47 270 3 25-21-00-95 10 1

25-21-00-48 240 3 25-21-00-95 -191 1

25-21-00-49 240 3 25-21-00-96 10 1

25-21-00-50 260 2 25-21-00-96 190 1

25-21-00-51 250 3 25-21-00-97 10 1

25-21-00-52 220 3 25-21-00-97 -191 1

25-21-00-53 270 3 25-21-00-98 10 1

25-21-00-54 240 3 25-21-00-98 -191 1

25-21-00-55 240 3 25-21-00-99 10 1

25-21-00-76 210 3 25-21-00-100 10 1

25-21-00-76A} 210 3 25-21-00-101 10 1

25-21-00-78 190 3 25-21-00-101 160 1

PE21052-2 25-21-00-102 10 1

25-21-00-79 10 1 25-21-00-102 190 1

25-21-00-79 140 1 25-21-00-103 10 1

25-21-00-80 10 1 25-21-00-103] -191 1

25-21-00-80 -151 1 25-21-00-104 10 1

25-21-00-81 10 1 25-21-00-105] -191 1

25-21-00-81 -151 1 25-21-00-105 10 1

25-21-00-82 10 1 25-21-00-106 10 1

25-21-00-82 130 1 PE21101-3-30TA

25-21-00-83 10 1 25-21-00-15 -91 1

25-21-00-83 -151 1 25-21-00-44 100 4

25-21-00-84 10 1 25-21-00-45 100 4

25-21-00-84 -151 1 25-21-00-46 100 4

25-21-00-85 10 1 25-21-00-47 100 4

25-21",,,False,False,,trace_net_answer_context_anchor_injector_v1,False,t_p_120_1176_p000075,75,False,similar_table_candidate,weak_candidate,False,"[""120-29073-001""]",answer_context_anchor_record,00000075.tif,existing_context,False,False,v1,"[""145"", ""tracenet_community_00145""]",similar_table_candidate,retained_support_context,120.0,False,[],"[""no_anchor_graph_relation""]"
similar_table_candidate,RETAINED_SUPPORT_CONTEXT,False,False,False,E34,150.0,"€& emenncr

MAINTENANCE MANUAL WITH

ILLUSTRATED PARTS LIST

AIRLINE EFF | UNITS

FIG. ITEM PART NUMBER STOCK aaa EODE. FROM PER

NUMBER TO ASSY

02 - | 120-41824-003 SINGLE PASSENGER SEAT ASSY ............ VS4956 A REF

- | 120-41824-503 SINGLE PASSENGER SEAT ASSY ............ VS4956 | 172/999} REF

1 |120-42660-001 . TABLE, SNACK FOLDING, ASSY

(SEE FIGURE 25-21-00-112)........000. VS4956 1

10 | 120-29067-021 . STRUCTURE, ASSY. (SEE FIGURE VS4956 A 1

25-21-00-81) occ cecccecseseseescsesesetevseseseseteees

-11 | 120-29067-031 . STRUCTURE, ASSY. (SEE FIGURE VS4956 | 172/999] 1

25-21-00-81) ooo cccc cece neeceeeeeseneaees

20 | 120-33774-001 . LINING ASSY., SEAT BOTTOM................ VS4956 1

30 | 120-42221-001 . LINING ASSY., SEAT BACKREST...........",,,False,False,,trace_net_answer_context_anchor_injector_v1,False,t_p_120_1176_p000085,85,False,similar_table_candidate,weak_candidate,False,"[""120-29073-001""]",answer_context_anchor_record,00000085.tif,existing_context,False,False,v1,"[""90"", ""tracenet_community_00090""]",similar_table_candidate,retained_support_context,120.0,False,[],"[""no_anchor_graph_relation""]"
similar_table_candidate,RETAINED_SUPPORT_CONTEXT,False,False,False,E35,150.0,"€& emenncr

MAINTENANCE MANUAL WITH

ILLUSTRATED PARTS LIST

AIRLINE EFF | UNITS

FIG. ITEM| PARTNUMBER STOCK Maer EODE. FROM | PER

NUMBER TO ASSY

04 120-41824-005 SINGLE PASSENGER SEAT ASSY ............ VS4956 A REF

- | 120-41824-505 SINGLE PASSENGER SEAT ASSY ............ VS4956 | 172/999} REF

1 | 120-42660-001 . TABLE, SNACK FOLDING, ASSY

(SEE FIGURE 25-21-00-112) 0... VS4956 1

10 | 120-29067-025 . STRUCTURE, ASSY. (SEE FIGURE

25-21-00-84)... oo. ee eeeeeee eee eeeeeeeeeeeeeeeeees VS4956 A 1

-11 | 120-29067-035 . STRUCTURE, ASSY. (SEE FIGURE

25-21-00-84) ooo. eee cccceeeceeeeeeeeeeeeeees VS4956 | 172/999 1

20 | 120-33774-001 . LINING ASSY., SEAT BOTTOM................. VS4956 1

30 | 120-42221-001 . LINING ASSY., SEAT BACKREST............ VS4",,,False,False,,trace_net_answer_context_anchor_injector_v1,False,t_p_120_1176_p000095,95,False,similar_table_candidate,weak_candidate,False,"[""120-29073-001""]",answer_context_anchor_record,00000095.tif,existing_context,False,False,v1,"[""93"", ""tracenet_community_00093""]",similar_table_candidate,retained_support_context,120.0,False,[],"[""no_anchor_graph_relation""]"
similar_table_candidate,RETAINED_SUPPORT_CONTEXT,False,False,False,E36,150.0,"€& emenncr

MAINTENANCE MANUAL WITH

ILLUSTRATED PARTS LIST

AIRLINE EFF | UNITS

FIG. ITEM PART NUMBER STOCK Maer EODE. FROM PER

NUMBER TO ASSY

06 - | 120-61381-001 SINGLE PASSENGER SEAT ASSY ............ VS4956 | 304/999] REF

1 |120-61410-001 . TABLE, SNACK FOLDING, ASSY

(SEE FIGURE 25-21-00-113)........... VS4956 1

10 | 120-29067-029 . STRUCTURE, ASSY. (SEE FIGURE

25-21-00-80) ooo... ccc cc cece cececce ease eeeeeees VS4956 1

20 | 120-33774-001 . LINING ASSY., SEAT BOTTOM................ VS4956 1

30 | 120-42221-001 . LINING ASSY., SEAT BACKREST ............ VS4956 1

40 | 120-42070-001 . FOAM ASSY., SEAT BACKREST .............. VS4956 1

50 | 120-45726-001 . COVER, PLASTIC... eee VS4956 A 1

60 | PE915051-1-PT ~. SEAT BELT... 0... ccc cece cece c",,,False,False,,trace_net_answer_context_anchor_injector_v1,False,t_p_120_1176_p000105,105,False,similar_table_candidate,weak_candidate,False,"[""120-29073-001""]",answer_context_anchor_record,00000105.tif,existing_context,False,False,v1,"[""17"", ""tracenet_community_00017""]",similar_table_candidate,retained_support_context,120.0,False,[],"[""no_anchor_graph_relation""]"
